8589934592,ANNOTATION_PARAMETER,value,,,,,1
8589934593,ANNOTATION_PARAMETER,value,,,,,1
8589934594,ANNOTATION_PARAMETER,value,,,,,1
8589934595,ANNOTATION_PARAMETER,value,,,,,1
8589934596,ANNOTATION_PARAMETER,value,,,,,1
8589934597,ANNOTATION_PARAMETER,value,,,,,1
8589934598,ANNOTATION_PARAMETER,value,,,,,1
8589934599,ANNOTATION_PARAMETER,value,,,,,1
8589934600,ANNOTATION_PARAMETER,value,,,,,1
8589934601,ANNOTATION_PARAMETER,value,,,,,1
8589934602,ANNOTATION_PARAMETER,value,,,,,1
8589934603,ANNOTATION_PARAMETER,value,,,,,1
8589934604,ANNOTATION_PARAMETER,value,,,,,1
8589934605,ANNOTATION_PARAMETER,value,,,,,1
8589934606,ANNOTATION_PARAMETER,value,,,,,1
8589934607,ANNOTATION_PARAMETER,value,,,,,1
8589934608,ANNOTATION_PARAMETER,value,,,,,1
8589934609,ANNOTATION_PARAMETER,value,,,,,1
8589934610,ANNOTATION_PARAMETER,value,,,,,1
8589934611,ANNOTATION_PARAMETER,value,,,,,1
8589934612,ANNOTATION_PARAMETER,value,,,,,1
8589934613,ANNOTATION_PARAMETER,value,,,,,1
8589934614,ANNOTATION_PARAMETER,value,,,,,1
8589934615,ANNOTATION_PARAMETER,value,,,,,1
8589934616,ANNOTATION_PARAMETER,value,,,,,1
8589934617,ANNOTATION_PARAMETER,value,,,,,1
8589934618,ANNOTATION_PARAMETER,value,,,,,1
8589934619,ANNOTATION_PARAMETER,value,,,,,1
8589934620,ANNOTATION_PARAMETER,value,,,,,1
8589934621,ANNOTATION_PARAMETER,value,,,,,1
8589934622,ANNOTATION_PARAMETER,value,,,,,1
8589934623,ANNOTATION_PARAMETER,value,,,,,1
8589934624,ANNOTATION_PARAMETER,value,,,,,1
8589934625,ANNOTATION_PARAMETER,value,,,,,1
8589934626,ANNOTATION_PARAMETER,value,,,,,1
8589934627,ANNOTATION_PARAMETER,value,,,,,1
8589934628,ANNOTATION_PARAMETER,value,,,,,1
8589934629,ANNOTATION_PARAMETER,value,,,,,1
8589934630,ANNOTATION_PARAMETER,value,,,,,1
8589934631,ANNOTATION_PARAMETER,value,,,,,1
8589934632,ANNOTATION_PARAMETER,value,,,,,1
8589934633,ANNOTATION_PARAMETER,value,,,,,1
8589934634,ANNOTATION_PARAMETER,value,,,,,1
8589934635,ANNOTATION_PARAMETER,value,,,,,1
8589934636,ANNOTATION_PARAMETER,value,,,,,1
8589934637,ANNOTATION_PARAMETER,value,,,,,1
8589934638,ANNOTATION_PARAMETER,value,,,,,1
8589934639,ANNOTATION_PARAMETER,value,,,,,1
8589934640,ANNOTATION_PARAMETER,value,,,,,1
8589934641,ANNOTATION_PARAMETER,value,,,,,1
8589934642,ANNOTATION_PARAMETER,value,,,,,1
8589934643,ANNOTATION_PARAMETER,value,,,,,1
8589934644,ANNOTATION_PARAMETER,value,,,,,1
8589934645,ANNOTATION_PARAMETER,value,,,,,1
8589934646,ANNOTATION_PARAMETER,value,,,,,1
8589934647,ANNOTATION_PARAMETER,value,,,,,1
8589934648,ANNOTATION_PARAMETER,value,,,,,1
8589934649,ANNOTATION_PARAMETER,value,,,,,1
8589934650,ANNOTATION_PARAMETER,value,,,,,1
8589934651,ANNOTATION_PARAMETER,value,,,,,1
8589934652,ANNOTATION_PARAMETER,value,,,,,1
8589934653,ANNOTATION_PARAMETER,value,,,,,1
8589934654,ANNOTATION_PARAMETER,value,,,,,1
8589934655,ANNOTATION_PARAMETER,value,,,,,1
8589934656,ANNOTATION_PARAMETER,value,,,,,1
8589934657,ANNOTATION_PARAMETER,value,,,,,1
8589934658,ANNOTATION_PARAMETER,value,,,,,1
8589934659,ANNOTATION_PARAMETER,value,,,,,1
8589934660,ANNOTATION_PARAMETER,value,,,,,1
8589934661,ANNOTATION_PARAMETER,value,,,,,1
8589934662,ANNOTATION_PARAMETER,value,,,,,1
8589934663,ANNOTATION_PARAMETER,value,,,,,1
8589934664,ANNOTATION_PARAMETER,value,,,,,1
8589934665,ANNOTATION_PARAMETER,value,,,,,1
8589934666,ANNOTATION_PARAMETER,value,,,,,1
8589934667,ANNOTATION_PARAMETER,value,,,,,1
8589934668,ANNOTATION_PARAMETER,value,,,,,1
8589934669,ANNOTATION_PARAMETER,value,,,,,1
8589934670,ANNOTATION_PARAMETER,value,,,,,1
8589934671,ANNOTATION_PARAMETER,value,,,,,1
8589934672,ANNOTATION_PARAMETER,value,,,,,1
8589934673,ANNOTATION_PARAMETER,value,,,,,1
8589934674,ANNOTATION_PARAMETER,value,,,,,1
8589934675,ANNOTATION_PARAMETER,value,,,,,1
8589934676,ANNOTATION_PARAMETER,value,,,,,1
8589934677,ANNOTATION_PARAMETER,value,,,,,1
8589934678,ANNOTATION_PARAMETER,value,,,,,1
8589934679,ANNOTATION_PARAMETER,value,,,,,1
8589934680,ANNOTATION_PARAMETER,value,,,,,1
8589934681,ANNOTATION_PARAMETER,value,,,,,1
8589934682,ANNOTATION_PARAMETER,value,,,,,1
8589934683,ANNOTATION_PARAMETER,value,,,,,1
8589934684,ANNOTATION_PARAMETER,value,,,,,1
8589934685,ANNOTATION_PARAMETER,value,,,,,1
8589934686,ANNOTATION_PARAMETER,value,,,,,1
8589934687,ANNOTATION_PARAMETER,value,,,,,1
8589934688,ANNOTATION_PARAMETER,value,,,,,1
8589934689,ANNOTATION_PARAMETER,value,,,,,1
8589934690,ANNOTATION_PARAMETER,value,,,,,1
8589934691,ANNOTATION_PARAMETER,value,,,,,1
8589934692,ANNOTATION_PARAMETER,value,,,,,1
8589934693,ANNOTATION_PARAMETER,value,,,,,1
8589934694,ANNOTATION_PARAMETER,value,,,,,1
8589934695,ANNOTATION_PARAMETER,value,,,,,1
8589934696,ANNOTATION_PARAMETER,value,,,,,1
8589934697,ANNOTATION_PARAMETER,value,,,,,1
8589934698,ANNOTATION_PARAMETER,value,,,,,1
8589934699,ANNOTATION_PARAMETER,value,,,,,1
8589934700,ANNOTATION_PARAMETER,value,,,,,1
8589934701,ANNOTATION_PARAMETER,value,,,,,1
8589934702,ANNOTATION_PARAMETER,value,,,,,1
8589934703,ANNOTATION_PARAMETER,value,,,,,1
8589934704,ANNOTATION_PARAMETER,value,,,,,1
8589934705,ANNOTATION_PARAMETER,value,,,,,1
8589934706,ANNOTATION_PARAMETER,value,,,,,1
8589934707,ANNOTATION_PARAMETER,value,,,,,1
8589934708,ANNOTATION_PARAMETER,value,,,,,1
8589934709,ANNOTATION_PARAMETER,value,,,,,1
8589934710,ANNOTATION_PARAMETER,value,,,,,1
8589934711,ANNOTATION_PARAMETER,value,,,,,1
8589934712,ANNOTATION_PARAMETER,value,,,,,1
8589934713,ANNOTATION_PARAMETER,value,,,,,1
8589934714,ANNOTATION_PARAMETER,value,,,,,1
8589934715,ANNOTATION_PARAMETER,value,,,,,1
8589934716,ANNOTATION_PARAMETER,value,,,,,1
8589934717,ANNOTATION_PARAMETER,value,,,,,1
8589934718,ANNOTATION_PARAMETER,value,,,,,1
8589934719,ANNOTATION_PARAMETER,value,,,,,1
8589934720,ANNOTATION_PARAMETER,value,,,,,1
8589934721,ANNOTATION_PARAMETER,value,,,,,1
8589934722,ANNOTATION_PARAMETER,value,,,,,1
8589934723,ANNOTATION_PARAMETER,value,,,,,1
8589934724,ANNOTATION_PARAMETER,value,,,,,1
8589934725,ANNOTATION_PARAMETER,value,,,,,1
8589934726,ANNOTATION_PARAMETER,value,,,,,1
8589934727,ANNOTATION_PARAMETER,value,,,,,1
8589934728,ANNOTATION_PARAMETER,value,,,,,1
8589934729,ANNOTATION_PARAMETER,value,,,,,1
8589934730,ANNOTATION_PARAMETER,value,,,,,1
8589934731,ANNOTATION_PARAMETER,value,,,,,1
8589934732,ANNOTATION_PARAMETER,value,,,,,1
8589934733,ANNOTATION_PARAMETER,value,,,,,1
8589934734,ANNOTATION_PARAMETER,value,,,,,1
8589934735,ANNOTATION_PARAMETER,value,,,,,1
8589934736,ANNOTATION_PARAMETER,value,,,,,1
8589934737,ANNOTATION_PARAMETER,value,,,,,1
8589934738,ANNOTATION_PARAMETER,value,,,,,1
8589934739,ANNOTATION_PARAMETER,value,,,,,1
8589934740,ANNOTATION_PARAMETER,value,,,,,1
8589934741,ANNOTATION_PARAMETER,value,,,,,1
8589934742,ANNOTATION_PARAMETER,value,,,,,1
8589934743,ANNOTATION_PARAMETER,value,,,,,1
8589934744,ANNOTATION_PARAMETER,value,,,,,1
8589934745,ANNOTATION_PARAMETER,value,,,,,1
8589934746,ANNOTATION_PARAMETER,value,,,,,1
8589934747,ANNOTATION_PARAMETER,value,,,,,1
8589934748,ANNOTATION_PARAMETER,value,,,,,1
8589934749,ANNOTATION_PARAMETER,value,,,,,1
8589934750,ANNOTATION_PARAMETER,value,,,,,1
8589934751,ANNOTATION_PARAMETER,value,,,,,1
8589934752,ANNOTATION_PARAMETER,value,,,,,1
8589934753,ANNOTATION_PARAMETER,value,,,,,1
8589934754,ANNOTATION_PARAMETER,value,,,,,1
8589934755,ANNOTATION_PARAMETER,value,,,,,1
8589934756,ANNOTATION_PARAMETER,value,,,,,1
8589934757,ANNOTATION_PARAMETER,value,,,,,1
8589934758,ANNOTATION_PARAMETER,value,,,,,1
8589934759,ANNOTATION_PARAMETER,value,,,,,1
8589934760,ANNOTATION_PARAMETER,value,,,,,1
8589934761,ANNOTATION_PARAMETER,value,,,,,1
8589934762,ANNOTATION_PARAMETER,value,,,,,1
8589934763,ANNOTATION_PARAMETER,value,,,,,1
8589934764,ANNOTATION_PARAMETER,value,,,,,1
8589934765,ANNOTATION_PARAMETER,value,,,,,1
8589934766,ANNOTATION_PARAMETER,value,,,,,1
8589934767,ANNOTATION_PARAMETER,value,,,,,1
8589934768,ANNOTATION_PARAMETER,value,,,,,1
8589934769,ANNOTATION_PARAMETER,value,,,,,1
8589934770,ANNOTATION_PARAMETER,value,,,,,1
8589934771,ANNOTATION_PARAMETER,value,,,,,1
8589934772,ANNOTATION_PARAMETER,value,,,,,1
8589934773,ANNOTATION_PARAMETER,value,,,,,1
8589934774,ANNOTATION_PARAMETER,value,,,,,1
8589934775,ANNOTATION_PARAMETER,value,,,,,1
8589934776,ANNOTATION_PARAMETER,value,,,,,1
8589934777,ANNOTATION_PARAMETER,value,,,,,1
8589934778,ANNOTATION_PARAMETER,value,,,,,1
8589934779,ANNOTATION_PARAMETER,value,,,,,1
8589934780,ANNOTATION_PARAMETER,value,,,,,1
8589934781,ANNOTATION_PARAMETER,value,,,,,1
8589934782,ANNOTATION_PARAMETER,value,,,,,1
8589934783,ANNOTATION_PARAMETER,value,,,,,1
8589934784,ANNOTATION_PARAMETER,value,,,,,1
8589934785,ANNOTATION_PARAMETER,value,,,,,1
8589934786,ANNOTATION_PARAMETER,value,,,,,1
8589934787,ANNOTATION_PARAMETER,value,,,,,1
8589934788,ANNOTATION_PARAMETER,value,,,,,1
8589934789,ANNOTATION_PARAMETER,value,,,,,1
8589934790,ANNOTATION_PARAMETER,value,,,,,1
8589934791,ANNOTATION_PARAMETER,value,,,,,1
8589934792,ANNOTATION_PARAMETER,value,,,,,1
8589934793,ANNOTATION_PARAMETER,value,,,,,1
8589934794,ANNOTATION_PARAMETER,value,,,,,1
8589934795,ANNOTATION_PARAMETER,value,,,,,1
8589934796,ANNOTATION_PARAMETER,value,,,,,1
8589934797,ANNOTATION_PARAMETER,value,,,,,1
8589934798,ANNOTATION_PARAMETER,value,,,,,1
8589934799,ANNOTATION_PARAMETER,value,,,,,1
8589934800,ANNOTATION_PARAMETER,value,,,,,1
8589934801,ANNOTATION_PARAMETER,value,,,,,1
8589934802,ANNOTATION_PARAMETER,value,,,,,1
8589934803,ANNOTATION_PARAMETER,value,,,,,1
8589934804,ANNOTATION_PARAMETER,value,,,,,1
8589934805,ANNOTATION_PARAMETER,value,,,,,1
8589934806,ANNOTATION_PARAMETER,value,,,,,1
8589934807,ANNOTATION_PARAMETER,value,,,,,1
8589934808,ANNOTATION_PARAMETER,value,,,,,1
8589934809,ANNOTATION_PARAMETER,value,,,,,1
8589934810,ANNOTATION_PARAMETER,value,,,,,1
8589934811,ANNOTATION_PARAMETER,value,,,,,1
8589934812,ANNOTATION_PARAMETER,value,,,,,1
8589934813,ANNOTATION_PARAMETER,value,,,,,1
8589934814,ANNOTATION_PARAMETER,value,,,,,1
8589934815,ANNOTATION_PARAMETER,value,,,,,1
8589934816,ANNOTATION_PARAMETER,value,,,,,1
8589934817,ANNOTATION_PARAMETER,value,,,,,1
8589934818,ANNOTATION_PARAMETER,value,,,,,1
8589934819,ANNOTATION_PARAMETER,value,,,,,1
8589934820,ANNOTATION_PARAMETER,value,,,,,1
8589934821,ANNOTATION_PARAMETER,value,,,,,1
8589934822,ANNOTATION_PARAMETER,value,,,,,1
8589934823,ANNOTATION_PARAMETER,value,,,,,1
8589934824,ANNOTATION_PARAMETER,value,,,,,1
8589934825,ANNOTATION_PARAMETER,value,,,,,1
8589934826,ANNOTATION_PARAMETER,value,,,,,1
8589934827,ANNOTATION_PARAMETER,value,,,,,1
8589934828,ANNOTATION_PARAMETER,value,,,,,1
8589934829,ANNOTATION_PARAMETER,value,,,,,1
8589934830,ANNOTATION_PARAMETER,value,,,,,1
8589934831,ANNOTATION_PARAMETER,value,,,,,1
8589934832,ANNOTATION_PARAMETER,value,,,,,1
8589934833,ANNOTATION_PARAMETER,value,,,,,1
8589934834,ANNOTATION_PARAMETER,value,,,,,1
8589934835,ANNOTATION_PARAMETER,value,,,,,1
8589934836,ANNOTATION_PARAMETER,value,,,,,1
8589934837,ANNOTATION_PARAMETER,value,,,,,1
8589934838,ANNOTATION_PARAMETER,value,,,,,1
8589934839,ANNOTATION_PARAMETER,value,,,,,1
8589934840,ANNOTATION_PARAMETER,value,,,,,1
8589934841,ANNOTATION_PARAMETER,value,,,,,1
8589934842,ANNOTATION_PARAMETER,value,,,,,1
8589934843,ANNOTATION_PARAMETER,value,,,,,1
8589934844,ANNOTATION_PARAMETER,value,,,,,1
8589934845,ANNOTATION_PARAMETER,value,,,,,1
8589934846,ANNOTATION_PARAMETER,value,,,,,1
8589934847,ANNOTATION_PARAMETER,value,,,,,1
8589934848,ANNOTATION_PARAMETER,value,,,,,1
8589934849,ANNOTATION_PARAMETER,value,,,,,1
8589934850,ANNOTATION_PARAMETER,value,,,,,1
