150323855360,TAG,UNKNOWN_METHOD,"FULL_NAME,QG5lc3Rqcy9jb21tb246Q29udHJvbGxlcg==,ALIAS,Q29udHJvbGxlcg==,RECEIVER,dGhpcw=="
150323855361,TAG,UNKNOWN_TYPE_DECL,@nestjs/common:Controller
150323855362,TAG,UNKNOWN_METHOD,"FULL_NAME,QG5lc3Rqcy9jb21tb246R2V0,ALIAS,R2V0,RECEIVER,dGhpcw=="
150323855363,TAG,UNKNOWN_TYPE_DECL,@nestjs/common:Get
150323855364,TAG,UNKNOWN_METHOD,"FULL_NAME,QG5lc3Rqcy9jb21tb246TG9nZ2Vy,ALIAS,TG9nZ2Vy,RECEIVER,dGhpcw=="
150323855365,TAG,UNKNOWN_TYPE_DECL,@nestjs/common:Logger
150323855366,TAG,RESOLVED_MEMBER,"BASE_PATH,c3JjL2FwcC5zZXJ2aWNlLnRzOjpwcm9ncmFt,NAME,QXBwU2VydmljZQ=="
150323855367,TAG,RESOLVED_MEMBER,"BASE_PATH,c3JjL3NoYXJlZC9pbmZyYXN0cnVjdHVyZS9sb2dnZXIvcGlub0xvZ2dlck9wdGlvbnMudHM6OnByb2dyYW0=,NAME,cGlub09wdGlvbnM="
150323855368,TAG,UNKNOWN_METHOD,"FULL_NAME,QG5lc3Rqcy90eXBlb3JtOlR5cGVPcm1Nb2R1bGU=,ALIAS,VHlwZU9ybU1vZHVsZQ==,RECEIVER,dGhpcw=="
150323855369,TAG,UNKNOWN_TYPE_DECL,@nestjs/typeorm:TypeOrmModule
150323855370,TAG,RESOLVED_MEMBER,"BASE_PATH,c3JjL3NoYXJlZC9pbmZyYXN0cnVjdHVyZS9wZXJzaXN0YW5jZS9wb3N0Z3JlLXNxbC9Qb3N0Z3Jlc0RhdGFTb3VyY2UudHM6OnByb2dyYW0=,NAME,YXBwUG9zdGdyZXNEYXRhU291cmNl"
150323855371,TAG,RESOLVED_MEMBER,"BASE_PATH,c3JjL3NoYXJlZC9taWRkbGV3YXJlL2NvcnJlbGF0aW9uLWlkL2NvcnJlbGF0aW9uLWlkLm1pZGRsZXdhcmUudHM6OnByb2dyYW0=,NAME,Q29ycmVsYXRpb25JZE1pZGRsZXdhcmU="
150323855372,TAG,UNKNOWN_METHOD,"FULL_NAME,QG5lc3Rqcy9jb21tb246TWlkZGxld2FyZUNvbnN1bWVy,ALIAS,TWlkZGxld2FyZUNvbnN1bWVy,RECEIVER,dGhpcw=="
150323855373,TAG,UNKNOWN_TYPE_DECL,@nestjs/common:MiddlewareConsumer
150323855374,TAG,UNKNOWN_METHOD,"FULL_NAME,QG5lc3Rqcy9jb21tb246TW9kdWxl,ALIAS,TW9kdWxl,RECEIVER,dGhpcw=="
150323855375,TAG,UNKNOWN_TYPE_DECL,@nestjs/common:Module
150323855376,TAG,UNKNOWN_METHOD,"FULL_NAME,QG5lc3Rqcy9jb21tb246TmVzdE1vZHVsZQ==,ALIAS,TmVzdE1vZHVsZQ==,RECEIVER,dGhpcw=="
150323855377,TAG,UNKNOWN_TYPE_DECL,@nestjs/common:NestModule
150323855378,TAG,UNKNOWN_METHOD,"FULL_NAME,bmVzdGpzLXBpbm86TG9nZ2VyTW9kdWxl,ALIAS,TG9nZ2VyTW9kdWxl,RECEIVER,dGhpcw=="
150323855379,TAG,UNKNOWN_TYPE_DECL,nestjs-pino:LoggerModule
150323855380,TAG,RESOLVED_MEMBER,"BASE_PATH,c3JjL2FwcC5jb250cm9sbGVyLnRzOjpwcm9ncmFt,NAME,QXBwQ29udHJvbGxlcg=="
150323855381,TAG,RESOLVED_MEMBER,"BASE_PATH,c3JjL2FwcC5zZXJ2aWNlLnRzOjpwcm9ncmFt,NAME,QXBwU2VydmljZQ=="
150323855382,TAG,RESOLVED_MEMBER,"BASE_PATH,c3JjL2NvbnRleHQvdXNlcnMvdXNlcnMubW9kdWxlLnRzOjpwcm9ncmFt,NAME,VXNlcnNNb2R1bGU="
150323855383,TAG,RESOLVED_MEMBER,"BASE_PATH,c3JjL2NvbnRleHQvcm9sZXMvcm9sZXMubW9kdWxlLnRzOjpwcm9ncmFt,NAME,Um9sZXNNb2R1bGU="
150323855384,TAG,RESOLVED_MEMBER,"BASE_PATH,c3JjL2NvbnRleHQvcm9sZS1hbGlhc2VzL3JvbGUtYWxpYXNlcy5tb2R1bGUudHM6OnByb2dyYW0=,NAME,Um9sZUFsaWFzZXNNb2R1bGU="
150323855385,TAG,RESOLVED_MEMBER,"BASE_PATH,c3JjL2NvbnRleHQvdXNlci1yb2xlLWJ5LXRlbmFudHMvdXNlci1yb2xlLWJ5LXRlbmFudHMubW9kdWxlLnRzOjpwcm9ncmFt,NAME,VXNlclJvbGVCeVRlbmFudHNNb2R1bGU="
150323855386,TAG,RESOLVED_MEMBER,"BASE_PATH,c3JjL2NvbnRleHQvdGVuYW50LXJvbGUtYWxpYXNlcy90ZW5hbnQtcm9sZS1hbGlhc2VzLm1vZHVsZS50czo6cHJvZ3JhbQ==,NAME,VGVuYW50Um9sZUFsaWFzTW9kdWxl"
150323855387,TAG,UNKNOWN_METHOD,"FULL_NAME,QG5lc3Rqcy9jb21tb246SW5qZWN0YWJsZQ==,ALIAS,SW5qZWN0YWJsZQ==,RECEIVER,dGhpcw=="
150323855388,TAG,UNKNOWN_TYPE_DECL,@nestjs/common:Injectable
150323855389,TAG,UNKNOWN_METHOD,"FULL_NAME,QG5lc3Rqcy9jb21tb246TG9nZ2Vy,ALIAS,TG9nZ2Vy,RECEIVER,dGhpcw=="
150323855390,TAG,UNKNOWN_TYPE_DECL,@nestjs/common:Logger
150323855391,TAG,RESOLVED_MEMBER,"BASE_PATH,c3JjL3NoYXJlZC9jb250ZXh0L3JvbGUtYWxpYXNlcy9kb21haW4vZHRvL2ZpbmQtcm9sZS1hbGlhcy5kdG8udHM6OnByb2dyYW0=,NAME,RmluZFJvbGVBbGlhc0R0bw=="
150323855392,TAG,UNKNOWN_METHOD,"FULL_NAME,QG5lc3Rqcy9jb21tb246Q29udHJvbGxlcg==,ALIAS,Q29udHJvbGxlcg==,RECEIVER,dGhpcw=="
150323855393,TAG,UNKNOWN_TYPE_DECL,@nestjs/common:Controller
150323855394,TAG,UNKNOWN_METHOD,"FULL_NAME,QG5lc3Rqcy9jb21tb246R2V0,ALIAS,R2V0,RECEIVER,dGhpcw=="
150323855395,TAG,UNKNOWN_TYPE_DECL,@nestjs/common:Get
150323855396,TAG,UNKNOWN_METHOD,"FULL_NAME,QG5lc3Rqcy9jb21tb246UG9zdA==,ALIAS,UG9zdA==,RECEIVER,dGhpcw=="
150323855397,TAG,UNKNOWN_TYPE_DECL,@nestjs/common:Post
150323855398,TAG,UNKNOWN_METHOD,"FULL_NAME,QG5lc3Rqcy9jb21tb246Qm9keQ==,ALIAS,Qm9keQ==,RECEIVER,dGhpcw=="
150323855399,TAG,UNKNOWN_TYPE_DECL,@nestjs/common:Body
150323855400,TAG,UNKNOWN_METHOD,"FULL_NAME,QG5lc3Rqcy9jb21tb246UGF0Y2g=,ALIAS,UGF0Y2g=,RECEIVER,dGhpcw=="
150323855401,TAG,UNKNOWN_TYPE_DECL,@nestjs/common:Patch
150323855402,TAG,UNKNOWN_METHOD,"FULL_NAME,QG5lc3Rqcy9jb21tb246UGFyYW0=,ALIAS,UGFyYW0=,RECEIVER,dGhpcw=="
150323855403,TAG,UNKNOWN_TYPE_DECL,@nestjs/common:Param
150323855404,TAG,UNKNOWN_METHOD,"FULL_NAME,QG5lc3Rqcy9jb21tb246RGVsZXRl,ALIAS,RGVsZXRl,RECEIVER,dGhpcw=="
150323855405,TAG,UNKNOWN_TYPE_DECL,@nestjs/common:Delete
150323855406,TAG,UNKNOWN_METHOD,"FULL_NAME,QG5lc3Rqcy9jb21tb246TG9nZ2Vy,ALIAS,TG9nZ2Vy,RECEIVER,dGhpcw=="
150323855407,TAG,UNKNOWN_TYPE_DECL,@nestjs/common:Logger
150323855408,TAG,RESOLVED_MEMBER,"BASE_PATH,c3JjL3NoYXJlZC9jb250ZXh0L3JvbGUtYWxpYXNlcy9kb21haW4vcm9sZS1hbGlhc2VzLnNlcnZpY2UudHM6OnByb2dyYW0=,NAME,Um9sZUFsaWFzZXNTZXJ2aWNl"
150323855409,TAG,RESOLVED_MEMBER,"BASE_PATH,c3JjL3NoYXJlZC9jb250ZXh0L3JvbGUtYWxpYXNlcy9kb21haW4vZHRvL2NyZWF0ZS1yb2xlLWFsaWFzLmR0by50czo6cHJvZ3JhbQ==,NAME,Q3JlYXRlUm9sZUFsaWFzRHRv"
150323855410,TAG,RESOLVED_MEMBER,"BASE_PATH,c3JjL3NoYXJlZC9jb250ZXh0L3JvbGUtYWxpYXNlcy9kb21haW4vZHRvL3VwZGF0ZS1yb2xlLWFsaWFzLmR0by50czo6cHJvZ3JhbQ==,NAME,VXBkYXRlUm9sZUFsaWFzRHRv"
150323855411,TAG,UNKNOWN_METHOD,"FULL_NAME,QG5lc3Rqcy9zd2FnZ2VyOkFwaVRhZ3M=,ALIAS,QXBpVGFncw==,RECEIVER,dGhpcw=="
150323855412,TAG,UNKNOWN_TYPE_DECL,@nestjs/swagger:ApiTags
150323855413,TAG,RESOLVED_MEMBER,"BASE_PATH,c3JjL3NoYXJlZC9pbmZyYXN0cnVjdHVyZS9wZXJzaXN0YW5jZS9wb3N0Z3JlLXNxbC9kYkNvbmZpZy50czo6cHJvZ3JhbQ==,NAME,ZGJDb25maWc="
150323855414,TAG,UNKNOWN_METHOD,"FULL_NAME,QG5lc3Rqcy90eXBlb3JtOlR5cGVPcm1Nb2R1bGU=,ALIAS,VHlwZU9ybU1vZHVsZQ==,RECEIVER,dGhpcw=="
150323855415,TAG,UNKNOWN_TYPE_DECL,@nestjs/typeorm:TypeOrmModule
150323855416,TAG,UNKNOWN_METHOD,"FULL_NAME,QG5lc3Rqcy9jb21tb246TW9kdWxl,ALIAS,TW9kdWxl,RECEIVER,dGhpcw=="
150323855417,TAG,UNKNOWN_TYPE_DECL,@nestjs/common:Module
150323855418,TAG,RESOLVED_MEMBER,"BASE_PATH,c3JjL3NoYXJlZC9jb250ZXh0L3JvbGUtYWxpYXNlcy9kb21haW4vcm9sZS1hbGlhc2VzLnNlcnZpY2UudHM6OnByb2dyYW0=,NAME,Um9sZUFsaWFzZXNTZXJ2aWNl"
150323855419,TAG,RESOLVED_MEMBER,"BASE_PATH,c3JjL2NvbnRleHQvcm9sZS1hbGlhc2VzL3JvbGUtYWxpYXNlcy5jb250cm9sbGVyLnRzOjpwcm9ncmFt,NAME,Um9sZUFsaWFzZXNDb250cm9sbGVy"
150323855420,TAG,UNKNOWN_METHOD,"FULL_NAME,QGF2YW50b2Rldi9hdmFudG8tZGI6Um9sZUFsaWFz,ALIAS,Um9sZUFsaWFz,RECEIVER,dGhpcw=="
150323855421,TAG,UNKNOWN_TYPE_DECL,@avantodev/avanto-db:RoleAlias
150323855422,TAG,UNKNOWN_METHOD,"FULL_NAME,QGF2YW50b2Rldi9hdmFudG8tZGI6Um9sZQ==,ALIAS,Um9sZQ==,RECEIVER,dGhpcw=="
150323855423,TAG,UNKNOWN_TYPE_DECL,@avantodev/avanto-db:Role
150323855424,TAG,UNKNOWN_METHOD,"FULL_NAME,QGF2YW50b2Rldi9hdmFudG8tZGI6VGVuYW50,ALIAS,VGVuYW50,RECEIVER,dGhpcw=="
150323855425,TAG,UNKNOWN_TYPE_DECL,@avantodev/avanto-db:Tenant
150323855426,TAG,UNKNOWN_METHOD,"FULL_NAME,QGF2YW50b2Rldi9hdmFudG8tZGI6VGVuYW50Um9sZUFsaWFzZXM=,ALIAS,VGVuYW50Um9sZUFsaWFzZXM=,RECEIVER,dGhpcw=="
150323855427,TAG,UNKNOWN_TYPE_DECL,@avantodev/avanto-db:TenantRoleAliases
150323855428,TAG,RESOLVED_MEMBER,"BASE_PATH,c3JjL3NoYXJlZC9jb250ZXh0L3RlbmFudC1yb2xlLWFsaWFzZXMvdGVuYW50LXJvbGUtYWxpYXNlcy5zZXJ2aWNlLnRzOjpwcm9ncmFt,NAME,VGVuYW50Um9sZUFsaWFzZXNTZXJ2aWNl"
150323855429,TAG,RESOLVED_MEMBER,"BASE_PATH,c3JjL3NoYXJlZC9jb250ZXh0L3JvbGVzL2RvbWFpbi9kdG8vZmluZC1yb2xlLmR0by50czo6cHJvZ3JhbQ==,NAME,RmluZFJvbGVEdG8="
150323855430,TAG,UNKNOWN_METHOD,"FULL_NAME,QG5lc3Rqcy9jb21tb246Q29udHJvbGxlcg==,ALIAS,Q29udHJvbGxlcg==,RECEIVER,dGhpcw=="
150323855431,TAG,UNKNOWN_TYPE_DECL,@nestjs/common:Controller
150323855432,TAG,UNKNOWN_METHOD,"FULL_NAME,QG5lc3Rqcy9jb21tb246R2V0,ALIAS,R2V0,RECEIVER,dGhpcw=="
150323855433,TAG,UNKNOWN_TYPE_DECL,@nestjs/common:Get
150323855434,TAG,UNKNOWN_METHOD,"FULL_NAME,QG5lc3Rqcy9jb21tb246UG9zdA==,ALIAS,UG9zdA==,RECEIVER,dGhpcw=="
150323855435,TAG,UNKNOWN_TYPE_DECL,@nestjs/common:Post
150323855436,TAG,UNKNOWN_METHOD,"FULL_NAME,QG5lc3Rqcy9jb21tb246Qm9keQ==,ALIAS,Qm9keQ==,RECEIVER,dGhpcw=="
150323855437,TAG,UNKNOWN_TYPE_DECL,@nestjs/common:Body
150323855438,TAG,UNKNOWN_METHOD,"FULL_NAME,QG5lc3Rqcy9jb21tb246UGF0Y2g=,ALIAS,UGF0Y2g=,RECEIVER,dGhpcw=="
150323855439,TAG,UNKNOWN_TYPE_DECL,@nestjs/common:Patch
150323855440,TAG,UNKNOWN_METHOD,"FULL_NAME,QG5lc3Rqcy9jb21tb246UGFyYW0=,ALIAS,UGFyYW0=,RECEIVER,dGhpcw=="
150323855441,TAG,UNKNOWN_TYPE_DECL,@nestjs/common:Param
150323855442,TAG,UNKNOWN_METHOD,"FULL_NAME,QG5lc3Rqcy9jb21tb246RGVsZXRl,ALIAS,RGVsZXRl,RECEIVER,dGhpcw=="
150323855443,TAG,UNKNOWN_TYPE_DECL,@nestjs/common:Delete
150323855444,TAG,UNKNOWN_METHOD,"FULL_NAME,QG5lc3Rqcy9jb21tb246TG9nZ2Vy,ALIAS,TG9nZ2Vy,RECEIVER,dGhpcw=="
150323855445,TAG,UNKNOWN_TYPE_DECL,@nestjs/common:Logger
150323855446,TAG,RESOLVED_MEMBER,"BASE_PATH,c3JjL3NoYXJlZC9jb250ZXh0L3JvbGVzL2RvbWFpbi9yb2xlcy5zZXJ2aWNlLnRzOjpwcm9ncmFt,NAME,Um9sZXNTZXJ2aWNl"
150323855447,TAG,RESOLVED_MEMBER,"BASE_PATH,c3JjL3NoYXJlZC9jb250ZXh0L3JvbGVzL2RvbWFpbi9kdG8vY3JlYXRlLXJvbGUuZHRvLnRzOjpwcm9ncmFt,NAME,Q3JlYXRlUm9sZUR0bw=="
150323855448,TAG,RESOLVED_MEMBER,"BASE_PATH,c3JjL3NoYXJlZC9jb250ZXh0L3JvbGVzL2RvbWFpbi9kdG8vdXBkYXRlLXJvbGUuZHRvLnRzOjpwcm9ncmFt,NAME,VXBkYXRlUm9sZUR0bw=="
150323855449,TAG,UNKNOWN_METHOD,"FULL_NAME,QG5lc3Rqcy9zd2FnZ2VyOkFwaVRhZ3M=,ALIAS,QXBpVGFncw==,RECEIVER,dGhpcw=="
150323855450,TAG,UNKNOWN_TYPE_DECL,@nestjs/swagger:ApiTags
150323855451,TAG,RESOLVED_MEMBER,"BASE_PATH,c3JjL3NoYXJlZC9pbmZyYXN0cnVjdHVyZS9wZXJzaXN0YW5jZS9wb3N0Z3JlLXNxbC9kYkNvbmZpZy50czo6cHJvZ3JhbQ==,NAME,ZGJDb25maWc="
150323855452,TAG,UNKNOWN_METHOD,"FULL_NAME,QGF2YW50b2Rldi9hdmFudG8tZGI6Um9sZQ==,ALIAS,Um9sZQ==,RECEIVER,dGhpcw=="
150323855453,TAG,UNKNOWN_TYPE_DECL,@avantodev/avanto-db:Role
150323855454,TAG,UNKNOWN_METHOD,"FULL_NAME,QGF2YW50b2Rldi9hdmFudG8tZGI6VXNlcg==,ALIAS,VXNlcg==,RECEIVER,dGhpcw=="
150323855455,TAG,UNKNOWN_TYPE_DECL,@avantodev/avanto-db:User
150323855456,TAG,UNKNOWN_METHOD,"FULL_NAME,QG5lc3Rqcy90eXBlb3JtOlR5cGVPcm1Nb2R1bGU=,ALIAS,VHlwZU9ybU1vZHVsZQ==,RECEIVER,dGhpcw=="
150323855457,TAG,UNKNOWN_TYPE_DECL,@nestjs/typeorm:TypeOrmModule
150323855458,TAG,UNKNOWN_METHOD,"FULL_NAME,QG5lc3Rqcy9jb21tb246TW9kdWxl,ALIAS,TW9kdWxl,RECEIVER,dGhpcw=="
150323855459,TAG,UNKNOWN_TYPE_DECL,@nestjs/common:Module
150323855460,TAG,RESOLVED_MEMBER,"BASE_PATH,c3JjL3NoYXJlZC9jb250ZXh0L3JvbGVzL2RvbWFpbi9yb2xlcy5zZXJ2aWNlLnRzOjpwcm9ncmFt,NAME,Um9sZXNTZXJ2aWNl"
150323855461,TAG,RESOLVED_MEMBER,"BASE_PATH,c3JjL2NvbnRleHQvcm9sZXMvcm9sZXMuY29udHJvbGxlci50czo6cHJvZ3JhbQ==,NAME,Um9sZXNDb250cm9sbGVy"
150323855462,TAG,UNKNOWN_METHOD,"FULL_NAME,QG5lc3Rqcy9jb21tb246Q29udHJvbGxlcg==,ALIAS,Q29udHJvbGxlcg==,RECEIVER,dGhpcw=="
150323855463,TAG,UNKNOWN_TYPE_DECL,@nestjs/common:Controller
150323855464,TAG,UNKNOWN_METHOD,"FULL_NAME,QG5lc3Rqcy9jb21tb246R2V0,ALIAS,R2V0,RECEIVER,dGhpcw=="
150323855465,TAG,UNKNOWN_TYPE_DECL,@nestjs/common:Get
150323855466,TAG,UNKNOWN_METHOD,"FULL_NAME,QG5lc3Rqcy9jb21tb246UG9zdA==,ALIAS,UG9zdA==,RECEIVER,dGhpcw=="
150323855467,TAG,UNKNOWN_TYPE_DECL,@nestjs/common:Post
150323855468,TAG,UNKNOWN_METHOD,"FULL_NAME,QG5lc3Rqcy9jb21tb246Qm9keQ==,ALIAS,Qm9keQ==,RECEIVER,dGhpcw=="
150323855469,TAG,UNKNOWN_TYPE_DECL,@nestjs/common:Body
150323855470,TAG,UNKNOWN_METHOD,"FULL_NAME,QG5lc3Rqcy9jb21tb246UGF0Y2g=,ALIAS,UGF0Y2g=,RECEIVER,dGhpcw=="
150323855471,TAG,UNKNOWN_TYPE_DECL,@nestjs/common:Patch
150323855472,TAG,UNKNOWN_METHOD,"FULL_NAME,QG5lc3Rqcy9jb21tb246UGFyYW0=,ALIAS,UGFyYW0=,RECEIVER,dGhpcw=="
150323855473,TAG,UNKNOWN_TYPE_DECL,@nestjs/common:Param
150323855474,TAG,UNKNOWN_METHOD,"FULL_NAME,QG5lc3Rqcy9jb21tb246RGVsZXRl,ALIAS,RGVsZXRl,RECEIVER,dGhpcw=="
150323855475,TAG,UNKNOWN_TYPE_DECL,@nestjs/common:Delete
150323855476,TAG,UNKNOWN_METHOD,"FULL_NAME,QG5lc3Rqcy9jb21tb246TG9nZ2Vy,ALIAS,TG9nZ2Vy,RECEIVER,dGhpcw=="
150323855477,TAG,UNKNOWN_TYPE_DECL,@nestjs/common:Logger
150323855478,TAG,RESOLVED_MEMBER,"BASE_PATH,c3JjL3NoYXJlZC9jb250ZXh0L3RlbmFudC1yb2xlLWFsaWFzZXMvdGVuYW50LXJvbGUtYWxpYXNlcy5zZXJ2aWNlLnRzOjpwcm9ncmFt,NAME,VGVuYW50Um9sZUFsaWFzZXNTZXJ2aWNl"
150323855479,TAG,RESOLVED_MEMBER,"BASE_PATH,c3JjL3NoYXJlZC9jb250ZXh0L3RlbmFudC1yb2xlLWFsaWFzZXMvZHRvL2NyZWF0ZS10ZW5hbnQtcm9sZS1hbGlhc2VzLmR0by50czo6cHJvZ3JhbQ==,NAME,Q3JlYXRlVGVuYW50Um9sZUFsaWFzRHRv"
150323855480,TAG,UNKNOWN_METHOD,"FULL_NAME,c3JjL3NoYXJlZC9jb250ZXh0L3RlbmFudC1yb2xlLWFsaWFzZXMvZHRvL3VwZGF0ZS10ZW5hbnQtcm9sZS1hbGlhcy5kdG86VXBkYXRlVGVuYW50Um9sZUFsaWFzRHRv,ALIAS,VXBkYXRlVGVuYW50Um9sZUFsaWFzRHRv,RECEIVER,dGhpcw=="
150323855481,TAG,UNKNOWN_TYPE_DECL,src/shared/context/tenant-role-aliases/dto/update-tenant-role-alias.dto:UpdateTenantRoleAliasDto
150323855482,TAG,UNKNOWN_METHOD,"FULL_NAME,c3JjL3NoYXJlZC9jb250ZXh0L3RlbmFudC1yb2xlLWFsaWFzZXMvZHRvL2ZpbmQtdGVuYW50LXJvbGUtYWxpYXMuZHRvOkZpbmRUZW5hbnRSb2xlQWxpYXNEdG8=,ALIAS,RmluZFRlbmFudFJvbGVBbGlhc0R0bw==,RECEIVER,dGhpcw=="
150323855483,TAG,UNKNOWN_TYPE_DECL,src/shared/context/tenant-role-aliases/dto/find-tenant-role-alias.dto:FindTenantRoleAliasDto
150323855484,TAG,UNKNOWN_METHOD,"FULL_NAME,QG5lc3Rqcy9zd2FnZ2VyOkFwaVRhZ3M=,ALIAS,QXBpVGFncw==,RECEIVER,dGhpcw=="
150323855485,TAG,UNKNOWN_TYPE_DECL,@nestjs/swagger:ApiTags
150323855486,TAG,UNKNOWN_METHOD,"FULL_NAME,c3JjL3NoYXJlZC9jb250ZXh0L3RlbmFudC1yb2xlLWFsaWFzZXMvZHRvL2Fzc2lnbi10ZW5hbnQtcm9sZS1hbGlhcy5kdG86QXNzaWduVGVuYW50Um9sZUFsaWFzRHRv,ALIAS,QXNzaWduVGVuYW50Um9sZUFsaWFzRHRv,RECEIVER,dGhpcw=="
150323855487,TAG,UNKNOWN_TYPE_DECL,src/shared/context/tenant-role-aliases/dto/assign-tenant-role-alias.dto:AssignTenantRoleAliasDto
150323855488,TAG,RESOLVED_MEMBER,"BASE_PATH,c3JjL3NoYXJlZC9pbmZyYXN0cnVjdHVyZS9wZXJzaXN0YW5jZS9wb3N0Z3JlLXNxbC9kYkNvbmZpZy50czo6cHJvZ3JhbQ==,NAME,ZGJDb25maWc="
150323855489,TAG,UNKNOWN_METHOD,"FULL_NAME,QGF2YW50b2Rldi9hdmFudG8tZGI6Um9sZQ==,ALIAS,Um9sZQ==,RECEIVER,dGhpcw=="
150323855490,TAG,UNKNOWN_TYPE_DECL,@avantodev/avanto-db:Role
150323855491,TAG,UNKNOWN_METHOD,"FULL_NAME,QGF2YW50b2Rldi9hdmFudG8tZGI6VGVuYW50,ALIAS,VGVuYW50,RECEIVER,dGhpcw=="
150323855492,TAG,UNKNOWN_TYPE_DECL,@avantodev/avanto-db:Tenant
150323855493,TAG,UNKNOWN_METHOD,"FULL_NAME,QGF2YW50b2Rldi9hdmFudG8tZGI6VGVuYW50Um9sZUFsaWFzZXM=,ALIAS,VGVuYW50Um9sZUFsaWFzZXM=,RECEIVER,dGhpcw=="
150323855494,TAG,UNKNOWN_TYPE_DECL,@avantodev/avanto-db:TenantRoleAliases
150323855495,TAG,UNKNOWN_METHOD,"FULL_NAME,QGF2YW50b2Rldi9hdmFudG8tZGI6Um9sZUFsaWFz,ALIAS,Um9sZUFsaWFz,RECEIVER,dGhpcw=="
150323855496,TAG,UNKNOWN_TYPE_DECL,@avantodev/avanto-db:RoleAlias
150323855497,TAG,UNKNOWN_METHOD,"FULL_NAME,QG5lc3Rqcy90eXBlb3JtOlR5cGVPcm1Nb2R1bGU=,ALIAS,VHlwZU9ybU1vZHVsZQ==,RECEIVER,dGhpcw=="
150323855498,TAG,UNKNOWN_TYPE_DECL,@nestjs/typeorm:TypeOrmModule
150323855499,TAG,UNKNOWN_METHOD,"FULL_NAME,QG5lc3Rqcy9jb21tb246TW9kdWxl,ALIAS,TW9kdWxl,RECEIVER,dGhpcw=="
150323855500,TAG,UNKNOWN_TYPE_DECL,@nestjs/common:Module
150323855501,TAG,RESOLVED_MEMBER,"BASE_PATH,c3JjL3NoYXJlZC9jb250ZXh0L3RlbmFudC1yb2xlLWFsaWFzZXMvdGVuYW50LXJvbGUtYWxpYXNlcy5zZXJ2aWNlLnRzOjpwcm9ncmFt,NAME,VGVuYW50Um9sZUFsaWFzZXNTZXJ2aWNl"
150323855502,TAG,RESOLVED_MEMBER,"BASE_PATH,c3JjL2NvbnRleHQvdGVuYW50LXJvbGUtYWxpYXNlcy90ZW5hbnQtcm9sZS1hbGlhc2VzLmNvbnRyb2xsZXIudHM6OnByb2dyYW0=,NAME,VGVuYW50Um9sZUFsaWFzZXNDb250cm9sbGVy"
150323855503,TAG,RESOLVED_MEMBER,"BASE_PATH,c3JjL3NoYXJlZC9jb250ZXh0L3RlbmFudHMvZG9tYWluL2R0by9maW5kLXRlbmFudC5kdG8udHM6OnByb2dyYW0=,NAME,RmluZFRlbmFudER0bw=="
150323855504,TAG,RESOLVED_MEMBER,"BASE_PATH,c3JjL3NoYXJlZC9jb250ZXh0L3RlbmFudHMvZG9tYWluL2R0by9jcmVhdGUtdGVuYW50LmR0by50czo6cHJvZ3JhbQ==,NAME,Q3JlYXRlVGVuYW50RHRv"
150323855505,TAG,RESOLVED_MEMBER,"BASE_PATH,c3JjL3NoYXJlZC9jb250ZXh0L3RlbmFudHMvZG9tYWluL2R0by91cGRhdGUtdGVuYW50LmR0by50czo6cHJvZ3JhbQ==,NAME,VXBkYXRlVGVuYW50RHRv"
150323855506,TAG,UNKNOWN_METHOD,"FULL_NAME,QG5lc3Rqcy9jb21tb246Q29udHJvbGxlcg==,ALIAS,Q29udHJvbGxlcg==,RECEIVER,dGhpcw=="
150323855507,TAG,UNKNOWN_TYPE_DECL,@nestjs/common:Controller
150323855508,TAG,UNKNOWN_METHOD,"FULL_NAME,QG5lc3Rqcy9jb21tb246R2V0,ALIAS,R2V0,RECEIVER,dGhpcw=="
150323855509,TAG,UNKNOWN_TYPE_DECL,@nestjs/common:Get
150323855510,TAG,UNKNOWN_METHOD,"FULL_NAME,QG5lc3Rqcy9jb21tb246UG9zdA==,ALIAS,UG9zdA==,RECEIVER,dGhpcw=="
150323855511,TAG,UNKNOWN_TYPE_DECL,@nestjs/common:Post
150323855512,TAG,UNKNOWN_METHOD,"FULL_NAME,QG5lc3Rqcy9jb21tb246Qm9keQ==,ALIAS,Qm9keQ==,RECEIVER,dGhpcw=="
150323855513,TAG,UNKNOWN_TYPE_DECL,@nestjs/common:Body
150323855514,TAG,UNKNOWN_METHOD,"FULL_NAME,QG5lc3Rqcy9jb21tb246UGF0Y2g=,ALIAS,UGF0Y2g=,RECEIVER,dGhpcw=="
150323855515,TAG,UNKNOWN_TYPE_DECL,@nestjs/common:Patch
150323855516,TAG,UNKNOWN_METHOD,"FULL_NAME,QG5lc3Rqcy9jb21tb246UGFyYW0=,ALIAS,UGFyYW0=,RECEIVER,dGhpcw=="
150323855517,TAG,UNKNOWN_TYPE_DECL,@nestjs/common:Param
150323855518,TAG,UNKNOWN_METHOD,"FULL_NAME,QG5lc3Rqcy9jb21tb246RGVsZXRl,ALIAS,RGVsZXRl,RECEIVER,dGhpcw=="
150323855519,TAG,UNKNOWN_TYPE_DECL,@nestjs/common:Delete
150323855520,TAG,UNKNOWN_METHOD,"FULL_NAME,QG5lc3Rqcy9jb21tb246TG9nZ2Vy,ALIAS,TG9nZ2Vy,RECEIVER,dGhpcw=="
150323855521,TAG,UNKNOWN_TYPE_DECL,@nestjs/common:Logger
150323855522,TAG,RESOLVED_MEMBER,"BASE_PATH,c3JjL3NoYXJlZC9jb250ZXh0L3RlbmFudHMvZG9tYWluL3RlbmFudHMuc2VydmljZS50czo6cHJvZ3JhbQ==,NAME,VGVuYW50c1NlcnZpY2U="
150323855523,TAG,UNKNOWN_METHOD,"FULL_NAME,QG5lc3Rqcy9zd2FnZ2VyOkFwaVRhZ3M=,ALIAS,QXBpVGFncw==,RECEIVER,dGhpcw=="
150323855524,TAG,UNKNOWN_TYPE_DECL,@nestjs/swagger:ApiTags
150323855525,TAG,UNKNOWN_METHOD,"FULL_NAME,QGF2YW50b2Rldi9hdmFudG8tZGI6VGVuYW50,ALIAS,VGVuYW50,RECEIVER,dGhpcw=="
150323855526,TAG,UNKNOWN_TYPE_DECL,@avantodev/avanto-db:Tenant
150323855527,TAG,UNKNOWN_METHOD,"FULL_NAME,QGF2YW50b2Rldi9hdmFudG8tZGI6VGVuYW50Q29uZmln,ALIAS,VGVuYW50Q29uZmln,RECEIVER,dGhpcw=="
150323855528,TAG,UNKNOWN_TYPE_DECL,@avantodev/avanto-db:TenantConfig
150323855529,TAG,UNKNOWN_METHOD,"FULL_NAME,QGF2YW50b2Rldi9hdmFudG8tZGI6VGVuYW50VHlwZQ==,ALIAS,VGVuYW50VHlwZQ==,RECEIVER,dGhpcw=="
150323855530,TAG,UNKNOWN_TYPE_DECL,@avantodev/avanto-db:TenantType
150323855531,TAG,RESOLVED_MEMBER,"BASE_PATH,c3JjL3NoYXJlZC9pbmZyYXN0cnVjdHVyZS9wZXJzaXN0YW5jZS9wb3N0Z3JlLXNxbC9kYkNvbmZpZy50czo6cHJvZ3JhbQ==,NAME,ZGJDb25maWc="
150323855532,TAG,UNKNOWN_METHOD,"FULL_NAME,QG5lc3Rqcy90eXBlb3JtOlR5cGVPcm1Nb2R1bGU=,ALIAS,VHlwZU9ybU1vZHVsZQ==,RECEIVER,dGhpcw=="
150323855533,TAG,UNKNOWN_TYPE_DECL,@nestjs/typeorm:TypeOrmModule
150323855534,TAG,UNKNOWN_METHOD,"FULL_NAME,QG5lc3Rqcy9jb21tb246TW9kdWxl,ALIAS,TW9kdWxl,RECEIVER,dGhpcw=="
150323855535,TAG,UNKNOWN_TYPE_DECL,@nestjs/common:Module
150323855536,TAG,RESOLVED_MEMBER,"BASE_PATH,c3JjL3NoYXJlZC9jb250ZXh0L3RlbmFudHMvZG9tYWluL3RlbmFudHMuc2VydmljZS50czo6cHJvZ3JhbQ==,NAME,VGVuYW50c1NlcnZpY2U="
150323855537,TAG,RESOLVED_MEMBER,"BASE_PATH,c3JjL2NvbnRleHQvdGVuYW50cy90ZW5hbnRzLmNvbnRyb2xsZXIudHM6OnByb2dyYW0=,NAME,VGVuYW50c0NvbnRyb2xsZXI="
150323855538,TAG,UNKNOWN_METHOD,"FULL_NAME,QG5lc3Rqcy9jb21tb246Q29udHJvbGxlcg==,ALIAS,Q29udHJvbGxlcg==,RECEIVER,dGhpcw=="
150323855539,TAG,UNKNOWN_TYPE_DECL,@nestjs/common:Controller
150323855540,TAG,UNKNOWN_METHOD,"FULL_NAME,QG5lc3Rqcy9jb21tb246R2V0,ALIAS,R2V0,RECEIVER,dGhpcw=="
150323855541,TAG,UNKNOWN_TYPE_DECL,@nestjs/common:Get
150323855542,TAG,UNKNOWN_METHOD,"FULL_NAME,QG5lc3Rqcy9jb21tb246UG9zdA==,ALIAS,UG9zdA==,RECEIVER,dGhpcw=="
150323855543,TAG,UNKNOWN_TYPE_DECL,@nestjs/common:Post
150323855544,TAG,UNKNOWN_METHOD,"FULL_NAME,QG5lc3Rqcy9jb21tb246Qm9keQ==,ALIAS,Qm9keQ==,RECEIVER,dGhpcw=="
150323855545,TAG,UNKNOWN_TYPE_DECL,@nestjs/common:Body
150323855546,TAG,UNKNOWN_METHOD,"FULL_NAME,QG5lc3Rqcy9jb21tb246UGF0Y2g=,ALIAS,UGF0Y2g=,RECEIVER,dGhpcw=="
150323855547,TAG,UNKNOWN_TYPE_DECL,@nestjs/common:Patch
150323855548,TAG,UNKNOWN_METHOD,"FULL_NAME,QG5lc3Rqcy9jb21tb246UGFyYW0=,ALIAS,UGFyYW0=,RECEIVER,dGhpcw=="
150323855549,TAG,UNKNOWN_TYPE_DECL,@nestjs/common:Param
150323855550,TAG,UNKNOWN_METHOD,"FULL_NAME,QG5lc3Rqcy9jb21tb246RGVsZXRl,ALIAS,RGVsZXRl,RECEIVER,dGhpcw=="
150323855551,TAG,UNKNOWN_TYPE_DECL,@nestjs/common:Delete
150323855552,TAG,UNKNOWN_METHOD,"FULL_NAME,QG5lc3Rqcy9jb21tb246TG9nZ2Vy,ALIAS,TG9nZ2Vy,RECEIVER,dGhpcw=="
150323855553,TAG,UNKNOWN_TYPE_DECL,@nestjs/common:Logger
150323855554,TAG,UNKNOWN_METHOD,"FULL_NAME,QG5lc3Rqcy9zd2FnZ2VyOkFwaVRhZ3M=,ALIAS,QXBpVGFncw==,RECEIVER,dGhpcw=="
150323855555,TAG,UNKNOWN_TYPE_DECL,@nestjs/swagger:ApiTags
150323855556,TAG,RESOLVED_MEMBER,"BASE_PATH,c3JjL3NoYXJlZC9jb250ZXh0L3VzZXItcm9sZS1ieS10ZW5hbnRzL3VzZXItcm9sZS1ieS10ZW5hbnRzLnNlcnZpY2UudHM6OnByb2dyYW0=,NAME,VXNlclJvbGVCeVRlbmFudHNTZXJ2aWNl"
150323855557,TAG,RESOLVED_MEMBER,"BASE_PATH,c3JjL3NoYXJlZC9jb250ZXh0L3VzZXItcm9sZS1ieS10ZW5hbnRzL2R0by9jcmVhdGUtdXNlci1yb2xlLWJ5LXRlbmFudHMuZHRvLnRzOjpwcm9ncmFt,NAME,Q3JlYXRlVXNlclJvbGVCeVRlbmFudHNEdG8="
150323855558,TAG,RESOLVED_MEMBER,"BASE_PATH,c3JjL3NoYXJlZC9jb250ZXh0L3VzZXItcm9sZS1ieS10ZW5hbnRzL2R0by9maW5kLXVzZXItcm9sZS1ieS10ZW5hbnRzLmR0by50czo6cHJvZ3JhbQ==,NAME,RmluZFVzZXJSb2xlQnlUZW5hbnRzRHRv"
150323855559,TAG,RESOLVED_MEMBER,"BASE_PATH,c3JjL3NoYXJlZC9jb250ZXh0L3VzZXItcm9sZS1ieS10ZW5hbnRzL2R0by91cGRhdGUtdXNlci1yb2xlLWJ5LXRlbmFudHMuZHRvLnRzOjpwcm9ncmFt,NAME,VXBkYXRlVXNlclJvbGVCeVRlbmFudHNEdG8="
150323855560,TAG,UNKNOWN_METHOD,"FULL_NAME,QG5lc3Rqcy9jb21tb246TW9kdWxl,ALIAS,TW9kdWxl,RECEIVER,dGhpcw=="
150323855561,TAG,UNKNOWN_TYPE_DECL,@nestjs/common:Module
150323855562,TAG,UNKNOWN_METHOD,"FULL_NAME,QGF2YW50b2Rldi9hdmFudG8tZGI6VXNlclJvbGVCeVRlbmFudHM=,ALIAS,VXNlclJvbGVCeVRlbmFudHM=,RECEIVER,dGhpcw=="
150323855563,TAG,UNKNOWN_TYPE_DECL,@avantodev/avanto-db:UserRoleByTenants
150323855564,TAG,UNKNOWN_METHOD,"FULL_NAME,QGF2YW50b2Rldi9hdmFudG8tZGI6Um9sZQ==,ALIAS,Um9sZQ==,RECEIVER,dGhpcw=="
150323855565,TAG,UNKNOWN_TYPE_DECL,@avantodev/avanto-db:Role
150323855566,TAG,UNKNOWN_METHOD,"FULL_NAME,QGF2YW50b2Rldi9hdmFudG8tZGI6VXNlcg==,ALIAS,VXNlcg==,RECEIVER,dGhpcw=="
150323855567,TAG,UNKNOWN_TYPE_DECL,@avantodev/avanto-db:User
150323855568,TAG,UNKNOWN_METHOD,"FULL_NAME,QGF2YW50b2Rldi9hdmFudG8tZGI6Um9sZUFsaWFz,ALIAS,Um9sZUFsaWFz,RECEIVER,dGhpcw=="
150323855569,TAG,UNKNOWN_TYPE_DECL,@avantodev/avanto-db:RoleAlias
150323855570,TAG,UNKNOWN_METHOD,"FULL_NAME,QGF2YW50b2Rldi9hdmFudG8tZGI6VGVuYW50,ALIAS,VGVuYW50,RECEIVER,dGhpcw=="
150323855571,TAG,UNKNOWN_TYPE_DECL,@avantodev/avanto-db:Tenant
150323855572,TAG,UNKNOWN_METHOD,"FULL_NAME,QGF2YW50b2Rldi9hdmFudG8tZGI6VGVuYW50Um9sZUFsaWFzZXM=,ALIAS,VGVuYW50Um9sZUFsaWFzZXM=,RECEIVER,dGhpcw=="
150323855573,TAG,UNKNOWN_TYPE_DECL,@avantodev/avanto-db:TenantRoleAliases
150323855574,TAG,RESOLVED_MEMBER,"BASE_PATH,c3JjL3NoYXJlZC9pbmZyYXN0cnVjdHVyZS9wZXJzaXN0YW5jZS9wb3N0Z3JlLXNxbC9kYkNvbmZpZy50czo6cHJvZ3JhbQ==,NAME,ZGJDb25maWc="
150323855575,TAG,UNKNOWN_METHOD,"FULL_NAME,QG5lc3Rqcy90eXBlb3JtOlR5cGVPcm1Nb2R1bGU=,ALIAS,VHlwZU9ybU1vZHVsZQ==,RECEIVER,dGhpcw=="
150323855576,TAG,UNKNOWN_TYPE_DECL,@nestjs/typeorm:TypeOrmModule
150323855577,TAG,RESOLVED_MEMBER,"BASE_PATH,c3JjL3NoYXJlZC9jb250ZXh0L3VzZXItcm9sZS1ieS10ZW5hbnRzL3VzZXItcm9sZS1ieS10ZW5hbnRzLnNlcnZpY2UudHM6OnByb2dyYW0=,NAME,VXNlclJvbGVCeVRlbmFudHNTZXJ2aWNl"
150323855578,TAG,RESOLVED_MEMBER,"BASE_PATH,c3JjL2NvbnRleHQvdXNlci1yb2xlLWJ5LXRlbmFudHMvdXNlci1yb2xlLWJ5LXRlbmFudHMuY29udHJvbGxlci50czo6cHJvZ3JhbQ==,NAME,VXNlclJvbGVCeVRlbmFudHNDb250cm9sbGVy"
150323855579,TAG,RESOLVED_MEMBER,"BASE_PATH,c3JjL3NoYXJlZC9jb250ZXh0L3VzZXJzL2RvbWFpbi91c2Vycy5zZXJ2aWNlLnRzOjpwcm9ncmFt,NAME,VXNlcnNTZXJ2aWNl"
150323855580,TAG,RESOLVED_MEMBER,"BASE_PATH,c3JjL3NoYXJlZC9jb250ZXh0L3JvbGVzL2RvbWFpbi9yb2xlcy5zZXJ2aWNlLnRzOjpwcm9ncmFt,NAME,Um9sZXNTZXJ2aWNl"
150323855581,TAG,RESOLVED_MEMBER,"BASE_PATH,c3JjL3NoYXJlZC9jb250ZXh0L3JvbGUtYWxpYXNlcy9kb21haW4vcm9sZS1hbGlhc2VzLnNlcnZpY2UudHM6OnByb2dyYW0=,NAME,Um9sZUFsaWFzZXNTZXJ2aWNl"
150323855582,TAG,RESOLVED_MEMBER,"BASE_PATH,c3JjL3NoYXJlZC9jb250ZXh0L3RlbmFudHMvZG9tYWluL3RlbmFudHMuc2VydmljZS50czo6cHJvZ3JhbQ==,NAME,VGVuYW50c1NlcnZpY2U="
150323855583,TAG,RESOLVED_MEMBER,"BASE_PATH,c3JjL3NoYXJlZC9jb250ZXh0L3RlbmFudC1yb2xlLWFsaWFzZXMvdGVuYW50LXJvbGUtYWxpYXNlcy5zZXJ2aWNlLnRzOjpwcm9ncmFt,NAME,VGVuYW50Um9sZUFsaWFzZXNTZXJ2aWNl"
150323855584,TAG,RESOLVED_MEMBER,"BASE_PATH,c3JjL3NoYXJlZC9pbmZyYXN0cnVjdHVyZS9tYWlscy9tYWlsUHJvdmlkZXIudHM6OnByb2dyYW0=,NAME,RW1haWxQcm92aWRlcg=="
150323855585,TAG,UNKNOWN_METHOD,"FULL_NAME,QG5lc3Rqcy9jb21tb246Q29udHJvbGxlcg==,ALIAS,Q29udHJvbGxlcg==,RECEIVER,dGhpcw=="
150323855586,TAG,UNKNOWN_TYPE_DECL,@nestjs/common:Controller
150323855587,TAG,UNKNOWN_METHOD,"FULL_NAME,QG5lc3Rqcy9jb21tb246R2V0,ALIAS,R2V0,RECEIVER,dGhpcw=="
150323855588,TAG,UNKNOWN_TYPE_DECL,@nestjs/common:Get
150323855589,TAG,UNKNOWN_METHOD,"FULL_NAME,QG5lc3Rqcy9jb21tb246UG9zdA==,ALIAS,UG9zdA==,RECEIVER,dGhpcw=="
150323855590,TAG,UNKNOWN_TYPE_DECL,@nestjs/common:Post
150323855591,TAG,UNKNOWN_METHOD,"FULL_NAME,QG5lc3Rqcy9jb21tb246Qm9keQ==,ALIAS,Qm9keQ==,RECEIVER,dGhpcw=="
150323855592,TAG,UNKNOWN_TYPE_DECL,@nestjs/common:Body
150323855593,TAG,UNKNOWN_METHOD,"FULL_NAME,QG5lc3Rqcy9jb21tb246UGF0Y2g=,ALIAS,UGF0Y2g=,RECEIVER,dGhpcw=="
150323855594,TAG,UNKNOWN_TYPE_DECL,@nestjs/common:Patch
150323855595,TAG,UNKNOWN_METHOD,"FULL_NAME,QG5lc3Rqcy9jb21tb246UGFyYW0=,ALIAS,UGFyYW0=,RECEIVER,dGhpcw=="
150323855596,TAG,UNKNOWN_TYPE_DECL,@nestjs/common:Param
150323855597,TAG,UNKNOWN_METHOD,"FULL_NAME,QG5lc3Rqcy9jb21tb246RGVsZXRl,ALIAS,RGVsZXRl,RECEIVER,dGhpcw=="
150323855598,TAG,UNKNOWN_TYPE_DECL,@nestjs/common:Delete
150323855599,TAG,UNKNOWN_METHOD,"FULL_NAME,QG5lc3Rqcy9jb21tb246TG9nZ2Vy,ALIAS,TG9nZ2Vy,RECEIVER,dGhpcw=="
150323855600,TAG,UNKNOWN_TYPE_DECL,@nestjs/common:Logger
150323855601,TAG,UNKNOWN_METHOD,"FULL_NAME,QG5lc3Rqcy9jb21tb246SGVhZGVycw==,ALIAS,SGVhZGVycw==,RECEIVER,dGhpcw=="
150323855602,TAG,UNKNOWN_TYPE_DECL,@nestjs/common:Headers
150323855603,TAG,UNKNOWN_METHOD,"FULL_NAME,QG5lc3Rqcy9zd2FnZ2VyOkFwaVRhZ3M=,ALIAS,QXBpVGFncw==,RECEIVER,dGhpcw=="
150323855604,TAG,UNKNOWN_TYPE_DECL,@nestjs/swagger:ApiTags
150323855605,TAG,RESOLVED_MEMBER,"BASE_PATH,c3JjL3NoYXJlZC9jb250ZXh0L3VzZXJzL2RvbWFpbi9kdG8vY3JlYXRlLXVzZXIuZHRvLnRzOjpwcm9ncmFt,NAME,Q3JlYXRlVXNlckR0bw=="
150323855606,TAG,RESOLVED_MEMBER,"BASE_PATH,c3JjL3NoYXJlZC9jb250ZXh0L3VzZXJzL2RvbWFpbi9kdG8vZmluZC11c2VyLmR0by50czo6cHJvZ3JhbQ==,NAME,RmluZFVzZXJEdG8="
150323855607,TAG,RESOLVED_MEMBER,"BASE_PATH,c3JjL3NoYXJlZC9jb250ZXh0L3VzZXJzL2RvbWFpbi9kdG8vdXBkYXRlLXVzZXIuZHRvLnRzOjpwcm9ncmFt,NAME,VXBkYXRlVXNlckR0bw=="
150323855608,TAG,RESOLVED_MEMBER,"BASE_PATH,c3JjL3NoYXJlZC9jb250ZXh0L3VzZXJzL2RvbWFpbi91c2Vycy5zZXJ2aWNlLnRzOjpwcm9ncmFt,NAME,VXNlcnNTZXJ2aWNl"
150323855609,TAG,UNKNOWN_METHOD,"FULL_NAME,c3JjL3NoYXJlZC9kYXRhVHlwZXMvTXlDb250ZXh0OkNvbnRleHRQYXlsb2Fk,ALIAS,Q29udGV4dFBheWxvYWQ=,RECEIVER,dGhpcw=="
150323855610,TAG,UNKNOWN_TYPE_DECL,src/shared/dataTypes/MyContext:ContextPayload
150323855611,TAG,UNKNOWN_METHOD,"FULL_NAME,QG5lc3Rqcy90eXBlb3JtOlR5cGVPcm1Nb2R1bGU=,ALIAS,VHlwZU9ybU1vZHVsZQ==,RECEIVER,dGhpcw=="
150323855612,TAG,UNKNOWN_TYPE_DECL,@nestjs/typeorm:TypeOrmModule
150323855613,TAG,UNKNOWN_METHOD,"FULL_NAME,QG5lc3Rqcy9jb21tb246TW9kdWxl,ALIAS,TW9kdWxl,RECEIVER,dGhpcw=="
150323855614,TAG,UNKNOWN_TYPE_DECL,@nestjs/common:Module
150323855615,TAG,RESOLVED_MEMBER,"BASE_PATH,c3JjL2NvbnRleHQvdXNlcnMvdXNlcnMuY29udHJvbGxlci50czo6cHJvZ3JhbQ==,NAME,VXNlcnNDb250cm9sbGVy"
150323855616,TAG,UNKNOWN_METHOD,"FULL_NAME,QGF2YW50b2Rldi9hdmFudG8tZGI6Um9sZQ==,ALIAS,Um9sZQ==,RECEIVER,dGhpcw=="
150323855617,TAG,UNKNOWN_TYPE_DECL,@avantodev/avanto-db:Role
150323855618,TAG,UNKNOWN_METHOD,"FULL_NAME,QGF2YW50b2Rldi9hdmFudG8tZGI6VGVuYW50,ALIAS,VGVuYW50,RECEIVER,dGhpcw=="
150323855619,TAG,UNKNOWN_TYPE_DECL,@avantodev/avanto-db:Tenant
150323855620,TAG,UNKNOWN_METHOD,"FULL_NAME,QGF2YW50b2Rldi9hdmFudG8tZGI6VXNlcg==,ALIAS,VXNlcg==,RECEIVER,dGhpcw=="
150323855621,TAG,UNKNOWN_TYPE_DECL,@avantodev/avanto-db:User
150323855622,TAG,RESOLVED_MEMBER,"BASE_PATH,c3JjL3NoYXJlZC9jb250ZXh0L3VzZXJzL2RvbWFpbi91c2Vycy5zZXJ2aWNlLnRzOjpwcm9ncmFt,NAME,VXNlcnNTZXJ2aWNl"
150323855623,TAG,RESOLVED_MEMBER,"BASE_PATH,c3JjL3NoYXJlZC9pbmZyYXN0cnVjdHVyZS9wZXJzaXN0YW5jZS9wb3N0Z3JlLXNxbC9kYkNvbmZpZy50czo6cHJvZ3JhbQ==,NAME,ZGJDb25maWc="
150323855624,TAG,UNKNOWN_METHOD,"FULL_NAME,c3JjL3NoYXJlZC9jb250ZXh0L3RlbmFudHMvZG9tYWluL3RlbmFudHMuc2VydmljZTpUZW5hbnRzU2VydmljZQ==,ALIAS,VGVuYW50c1NlcnZpY2U=,RECEIVER,dGhpcw=="
150323855625,TAG,UNKNOWN_TYPE_DECL,src/shared/context/tenants/domain/tenants.service:TenantsService
150323855626,TAG,RESOLVED_MEMBER,"BASE_PATH,c3JjL3NoYXJlZC9pbmZyYXN0cnVjdHVyZS9tYWlscy9tYWlsUHJvdmlkZXIudHM6OnByb2dyYW0=,NAME,RW1haWxQcm92aWRlcg=="
150323855627,TAG,UNKNOWN_METHOD,"FULL_NAME,QG5lc3Rqcy9jb3JlOk5lc3RGYWN0b3J5,ALIAS,TmVzdEZhY3Rvcnk=,RECEIVER,dGhpcw=="
150323855628,TAG,UNKNOWN_TYPE_DECL,@nestjs/core:NestFactory
150323855629,TAG,UNKNOWN_METHOD,"FULL_NAME,QG5lc3Rqcy9zd2FnZ2VyOkRvY3VtZW50QnVpbGRlcg==,ALIAS,RG9jdW1lbnRCdWlsZGVy,RECEIVER,dGhpcw=="
150323855630,TAG,UNKNOWN_TYPE_DECL,@nestjs/swagger:DocumentBuilder
150323855631,TAG,UNKNOWN_METHOD,"FULL_NAME,QG5lc3Rqcy9zd2FnZ2VyOlN3YWdnZXJNb2R1bGU=,ALIAS,U3dhZ2dlck1vZHVsZQ==,RECEIVER,dGhpcw=="
150323855632,TAG,UNKNOWN_TYPE_DECL,@nestjs/swagger:SwaggerModule
150323855633,TAG,UNKNOWN_METHOD,"FULL_NAME,bmVzdGpzLXBpbm86TG9nZ2Vy,ALIAS,TG9nZ2Vy,RECEIVER,dGhpcw=="
150323855634,TAG,UNKNOWN_TYPE_DECL,nestjs-pino:Logger
150323855635,TAG,RESOLVED_MEMBER,"BASE_PATH,c3JjL2FwcC5tb2R1bGUudHM6OnByb2dyYW0=,NAME,QXBwTW9kdWxl"
150323855636,TAG,UNKNOWN_METHOD,"FULL_NAME,ZG90ZW52L2NvbmZpZw==,ALIAS,ZG90ZW52L2NvbmZpZw==,RECEIVER,dGhpcw=="
150323855637,TAG,UNKNOWN_TYPE_DECL,dotenv/config
150323855638,TAG,UNKNOWN_METHOD,"FULL_NAME,QG5lc3Rqcy9jb21tb246VmFsaWRhdGlvblBpcGU=,ALIAS,VmFsaWRhdGlvblBpcGU=,RECEIVER,dGhpcw=="
150323855639,TAG,UNKNOWN_TYPE_DECL,@nestjs/common:ValidationPipe
150323855640,TAG,RESOLVED_MEMBER,"BASE_PATH,c3JjL3NoYXJlZC9jb250ZXh0L3JvbGUtYWxpYXNlcy9kb21haW4vZHRvL3JvbGUtYWxpYXMuZHRvLnRzOjpwcm9ncmFt,NAME,Um9sZUFsaWFzRHRv"
150323855641,TAG,UNKNOWN_METHOD,"FULL_NAME,QG5lc3Rqcy9zd2FnZ2VyOkFwaVByb3BlcnR5,ALIAS,QXBpUHJvcGVydHk=,RECEIVER,dGhpcw=="
150323855642,TAG,UNKNOWN_TYPE_DECL,@nestjs/swagger:ApiProperty
150323855643,TAG,UNKNOWN_METHOD,"FULL_NAME,Y2xhc3MtdmFsaWRhdG9yOklzTm90RW1wdHk=,ALIAS,SXNOb3RFbXB0eQ==,RECEIVER,dGhpcw=="
150323855644,TAG,UNKNOWN_TYPE_DECL,class-validator:IsNotEmpty
150323855645,TAG,UNKNOWN_METHOD,"FULL_NAME,Y2xhc3MtdmFsaWRhdG9yOkxlbmd0aA==,ALIAS,TGVuZ3Ro,RECEIVER,dGhpcw=="
150323855646,TAG,UNKNOWN_TYPE_DECL,class-validator:Length
150323855647,TAG,UNKNOWN_METHOD,"FULL_NAME,QG5lc3Rqcy9zd2FnZ2VyOlBhcnRpYWxUeXBl,ALIAS,UGFydGlhbFR5cGU=,RECEIVER,dGhpcw=="
150323855648,TAG,UNKNOWN_TYPE_DECL,@nestjs/swagger:PartialType
150323855649,TAG,RESOLVED_MEMBER,"BASE_PATH,c3JjL3NoYXJlZC9jb250ZXh0L3JvbGUtYWxpYXNlcy9kb21haW4vZHRvL2NyZWF0ZS1yb2xlLWFsaWFzLmR0by50czo6cHJvZ3JhbQ==,NAME,Q3JlYXRlUm9sZUFsaWFzRHRv"
150323855650,TAG,UNKNOWN_METHOD,"FULL_NAME,QG5lc3Rqcy9zd2FnZ2VyOkFwaVByb3BlcnR5,ALIAS,QXBpUHJvcGVydHk=,RECEIVER,dGhpcw=="
150323855651,TAG,UNKNOWN_TYPE_DECL,@nestjs/swagger:ApiProperty
150323855652,TAG,UNKNOWN_METHOD,"FULL_NAME,QGF2YW50b2Rldi9hdmFudG8tZGI6Um9sZUFsaWFz,ALIAS,Um9sZUFsaWFz,RECEIVER,dGhpcw=="
150323855653,TAG,UNKNOWN_TYPE_DECL,@avantodev/avanto-db:RoleAlias
150323855654,TAG,UNKNOWN_METHOD,"FULL_NAME,QG5lc3Rqcy9zd2FnZ2VyOlBhcnRpYWxUeXBl,ALIAS,UGFydGlhbFR5cGU=,RECEIVER,dGhpcw=="
150323855655,TAG,UNKNOWN_TYPE_DECL,@nestjs/swagger:PartialType
150323855656,TAG,RESOLVED_MEMBER,"BASE_PATH,c3JjL3NoYXJlZC9jb250ZXh0L3JvbGUtYWxpYXNlcy9kb21haW4vZHRvL2NyZWF0ZS1yb2xlLWFsaWFzLmR0by50czo6cHJvZ3JhbQ==,NAME,Q3JlYXRlUm9sZUFsaWFzRHRv"
150323855657,TAG,UNKNOWN_METHOD,"FULL_NAME,QG5lc3Rqcy9zd2FnZ2VyOkFwaVByb3BlcnR5,ALIAS,QXBpUHJvcGVydHk=,RECEIVER,dGhpcw=="
150323855658,TAG,UNKNOWN_TYPE_DECL,@nestjs/swagger:ApiProperty
150323855659,TAG,UNKNOWN_METHOD,"FULL_NAME,Y2xhc3MtdmFsaWRhdG9yOklzTm90RW1wdHk=,ALIAS,SXNOb3RFbXB0eQ==,RECEIVER,dGhpcw=="
150323855660,TAG,UNKNOWN_TYPE_DECL,class-validator:IsNotEmpty
150323855661,TAG,UNKNOWN_METHOD,"FULL_NAME,Y2xhc3MtdmFsaWRhdG9yOkxlbmd0aA==,ALIAS,TGVuZ3Ro,RECEIVER,dGhpcw=="
150323855662,TAG,UNKNOWN_TYPE_DECL,class-validator:Length
150323855663,TAG,RESOLVED_MEMBER,"BASE_PATH,c3JjL3NoYXJlZC9pbmZyYXN0cnVjdHVyZS9wZXJzaXN0YW5jZS9wb3N0Z3JlLXNxbC9kYkNvbmZpZy50czo6cHJvZ3JhbQ==,NAME,ZGJDb25maWc="
150323855664,TAG,UNKNOWN_METHOD,"FULL_NAME,QGF2YW50b2Rldi9hdmFudG8tZGI6Um9sZUFsaWFz,ALIAS,Um9sZUFsaWFz,RECEIVER,dGhpcw=="
150323855665,TAG,UNKNOWN_TYPE_DECL,@avantodev/avanto-db:RoleAlias
150323855666,TAG,UNKNOWN_METHOD,"FULL_NAME,QGF2YW50b2Rldi9hdmFudG8tZGI6Um9sZQ==,ALIAS,Um9sZQ==,RECEIVER,dGhpcw=="
150323855667,TAG,UNKNOWN_TYPE_DECL,@avantodev/avanto-db:Role
150323855668,TAG,UNKNOWN_METHOD,"FULL_NAME,QGF2YW50b2Rldi9hdmFudG8tZGI6VGVuYW50Um9sZUFsaWFzZXM=,ALIAS,VGVuYW50Um9sZUFsaWFzZXM=,RECEIVER,dGhpcw=="
150323855669,TAG,UNKNOWN_TYPE_DECL,@avantodev/avanto-db:TenantRoleAliases
150323855670,TAG,UNKNOWN_METHOD,"FULL_NAME,QG5lc3Rqcy9jb21tb246SW5qZWN0YWJsZQ==,ALIAS,SW5qZWN0YWJsZQ==,RECEIVER,dGhpcw=="
150323855671,TAG,UNKNOWN_TYPE_DECL,@nestjs/common:Injectable
150323855672,TAG,UNKNOWN_METHOD,"FULL_NAME,QG5lc3Rqcy9jb21tb246TG9nZ2Vy,ALIAS,TG9nZ2Vy,RECEIVER,dGhpcw=="
150323855673,TAG,UNKNOWN_TYPE_DECL,@nestjs/common:Logger
150323855674,TAG,UNKNOWN_METHOD,"FULL_NAME,QG5lc3Rqcy9jb21tb246Rm9yYmlkZGVuRXhjZXB0aW9u,ALIAS,Rm9yYmlkZGVuRXhjZXB0aW9u,RECEIVER,dGhpcw=="
150323855675,TAG,UNKNOWN_TYPE_DECL,@nestjs/common:ForbiddenException
150323855676,TAG,UNKNOWN_METHOD,"FULL_NAME,QG5lc3Rqcy9jb21tb246Tm90Rm91bmRFeGNlcHRpb24=,ALIAS,Tm90Rm91bmRFeGNlcHRpb24=,RECEIVER,dGhpcw=="
150323855677,TAG,UNKNOWN_TYPE_DECL,@nestjs/common:NotFoundException
150323855678,TAG,UNKNOWN_METHOD,"FULL_NAME,QG5lc3Rqcy9jb21tb246SW5qZWN0,ALIAS,SW5qZWN0,RECEIVER,dGhpcw=="
150323855679,TAG,UNKNOWN_TYPE_DECL,@nestjs/common:Inject
150323855680,TAG,UNKNOWN_METHOD,"FULL_NAME,QG5lc3Rqcy9jb21tb246Zm9yd2FyZFJlZg==,ALIAS,Zm9yd2FyZFJlZg==,RECEIVER,dGhpcw=="
150323855681,TAG,UNKNOWN_TYPE_DECL,@nestjs/common:forwardRef
150323855682,TAG,RESOLVED_MEMBER,"BASE_PATH,c3JjL3NoYXJlZC9jb250ZXh0L3JvbGUtYWxpYXNlcy9kb21haW4vZHRvL2NyZWF0ZS1yb2xlLWFsaWFzLmR0by50czo6cHJvZ3JhbQ==,NAME,Q3JlYXRlUm9sZUFsaWFzRHRv"
150323855683,TAG,RESOLVED_MEMBER,"BASE_PATH,c3JjL3NoYXJlZC9jb250ZXh0L3JvbGUtYWxpYXNlcy9kb21haW4vZHRvL3VwZGF0ZS1yb2xlLWFsaWFzLmR0by50czo6cHJvZ3JhbQ==,NAME,VXBkYXRlUm9sZUFsaWFzRHRv"
150323855684,TAG,UNKNOWN_METHOD,"FULL_NAME,QG5lc3Rqcy90eXBlb3JtOkluamVjdFJlcG9zaXRvcnk=,ALIAS,SW5qZWN0UmVwb3NpdG9yeQ==,RECEIVER,dGhpcw=="
150323855685,TAG,UNKNOWN_TYPE_DECL,@nestjs/typeorm:InjectRepository
150323855686,TAG,UNKNOWN_METHOD,"FULL_NAME,dHlwZW9ybTpSZXBvc2l0b3J5,ALIAS,UmVwb3NpdG9yeQ==,RECEIVER,dGhpcw=="
150323855687,TAG,UNKNOWN_TYPE_DECL,typeorm:Repository
150323855688,TAG,RESOLVED_MEMBER,"BASE_PATH,c3JjL3NoYXJlZC9jb250ZXh0L3JvbGUtYWxpYXNlcy9kb21haW4vZHRvL2ZpbmQtcm9sZS1hbGlhcy5kdG8udHM6OnByb2dyYW0=,NAME,RmluZFJvbGVBbGlhc0R0bw=="
150323855689,TAG,RESOLVED_MEMBER,"BASE_PATH,c3JjL3NoYXJlZC9jb250ZXh0L3RlbmFudC1yb2xlLWFsaWFzZXMvdGVuYW50LXJvbGUtYWxpYXNlcy5zZXJ2aWNlLnRzOjpwcm9ncmFt,NAME,VGVuYW50Um9sZUFsaWFzZXNTZXJ2aWNl"
150323855690,TAG,RESOLVED_MEMBER,"BASE_PATH,c3JjL3NoYXJlZC9jb250ZXh0L3JvbGVzL2RvbWFpbi9kdG8vcm9sZS5kdG8udHM6OnByb2dyYW0=,NAME,Um9sZUR0bw=="
150323855691,TAG,UNKNOWN_METHOD,"FULL_NAME,QG5lc3Rqcy9zd2FnZ2VyOkFwaVByb3BlcnR5,ALIAS,QXBpUHJvcGVydHk=,RECEIVER,dGhpcw=="
150323855692,TAG,UNKNOWN_TYPE_DECL,@nestjs/swagger:ApiProperty
150323855693,TAG,UNKNOWN_METHOD,"FULL_NAME,Y2xhc3MtdmFsaWRhdG9yOklzTm90RW1wdHk=,ALIAS,SXNOb3RFbXB0eQ==,RECEIVER,dGhpcw=="
150323855694,TAG,UNKNOWN_TYPE_DECL,class-validator:IsNotEmpty
150323855695,TAG,UNKNOWN_METHOD,"FULL_NAME,Y2xhc3MtdmFsaWRhdG9yOkxlbmd0aA==,ALIAS,TGVuZ3Ro,RECEIVER,dGhpcw=="
150323855696,TAG,UNKNOWN_TYPE_DECL,class-validator:Length
150323855697,TAG,UNKNOWN_METHOD,"FULL_NAME,QG5lc3Rqcy9zd2FnZ2VyOkFwaVByb3BlcnR5,ALIAS,QXBpUHJvcGVydHk=,RECEIVER,dGhpcw=="
150323855698,TAG,UNKNOWN_TYPE_DECL,@nestjs/swagger:ApiProperty
150323855699,TAG,UNKNOWN_METHOD,"FULL_NAME,QG5lc3Rqcy9zd2FnZ2VyOlBhcnRpYWxUeXBl,ALIAS,UGFydGlhbFR5cGU=,RECEIVER,dGhpcw=="
150323855700,TAG,UNKNOWN_TYPE_DECL,@nestjs/swagger:PartialType
150323855701,TAG,RESOLVED_MEMBER,"BASE_PATH,c3JjL3NoYXJlZC9jb250ZXh0L3JvbGVzL2RvbWFpbi9kdG8vY3JlYXRlLXJvbGUuZHRvLnRzOjpwcm9ncmFt,NAME,Q3JlYXRlUm9sZUR0bw=="
150323855702,TAG,UNKNOWN_METHOD,"FULL_NAME,QG5lc3Rqcy9zd2FnZ2VyOlBhcnRpYWxUeXBl,ALIAS,UGFydGlhbFR5cGU=,RECEIVER,dGhpcw=="
150323855703,TAG,UNKNOWN_TYPE_DECL,@nestjs/swagger:PartialType
150323855704,TAG,RESOLVED_MEMBER,"BASE_PATH,c3JjL3NoYXJlZC9jb250ZXh0L3JvbGVzL2RvbWFpbi9kdG8vY3JlYXRlLXJvbGUuZHRvLnRzOjpwcm9ncmFt,NAME,Q3JlYXRlUm9sZUR0bw=="
150323855705,TAG,UNKNOWN_METHOD,"FULL_NAME,QG5lc3Rqcy9zd2FnZ2VyOkFwaVByb3BlcnR5,ALIAS,QXBpUHJvcGVydHk=,RECEIVER,dGhpcw=="
150323855706,TAG,UNKNOWN_TYPE_DECL,@nestjs/swagger:ApiProperty
150323855707,TAG,UNKNOWN_METHOD,"FULL_NAME,Y2xhc3MtdmFsaWRhdG9yOklzTm90RW1wdHk=,ALIAS,SXNOb3RFbXB0eQ==,RECEIVER,dGhpcw=="
150323855708,TAG,UNKNOWN_TYPE_DECL,class-validator:IsNotEmpty
150323855709,TAG,UNKNOWN_METHOD,"FULL_NAME,Y2xhc3MtdmFsaWRhdG9yOkxlbmd0aA==,ALIAS,TGVuZ3Ro,RECEIVER,dGhpcw=="
150323855710,TAG,UNKNOWN_TYPE_DECL,class-validator:Length
150323855711,TAG,UNKNOWN_METHOD,"FULL_NAME,dHlwZW9ybTpSZXBvc2l0b3J5,ALIAS,UmVwb3NpdG9yeQ==,RECEIVER,dGhpcw=="
150323855712,TAG,UNKNOWN_TYPE_DECL,typeorm:Repository
150323855713,TAG,UNKNOWN_METHOD,"FULL_NAME,QG5lc3Rqcy90eXBlb3JtOkluamVjdFJlcG9zaXRvcnk=,ALIAS,SW5qZWN0UmVwb3NpdG9yeQ==,RECEIVER,dGhpcw=="
150323855714,TAG,UNKNOWN_TYPE_DECL,@nestjs/typeorm:InjectRepository
150323855715,TAG,RESOLVED_METHOD,"FULL_NAME,c3JjL3NoYXJlZC91dGlscy50czo6cHJvZ3JhbTpmZXRjaFRlbmFudHM=,ALIAS,ZmV0Y2hUZW5hbnRz,RECEIVER,dGhpcw=="
150323855716,TAG,RESOLVED_TYPE_DECL,src/shared/utils.ts::program:fetchTenants
150323855717,TAG,UNKNOWN_METHOD,"FULL_NAME,QGF2YW50b2Rldi9hdmFudG8tZGI6Um9sZQ==,ALIAS,Um9sZQ==,RECEIVER,dGhpcw=="
150323855718,TAG,UNKNOWN_TYPE_DECL,@avantodev/avanto-db:Role
150323855719,TAG,UNKNOWN_METHOD,"FULL_NAME,QGF2YW50b2Rldi9hdmFudG8tZGI6VGVuYW50,ALIAS,VGVuYW50,RECEIVER,dGhpcw=="
150323855720,TAG,UNKNOWN_TYPE_DECL,@avantodev/avanto-db:Tenant
150323855721,TAG,UNKNOWN_METHOD,"FULL_NAME,QGF2YW50b2Rldi9hdmFudG8tZGI6VGVuYW50VHlwZQ==,ALIAS,VGVuYW50VHlwZQ==,RECEIVER,dGhpcw=="
150323855722,TAG,UNKNOWN_TYPE_DECL,@avantodev/avanto-db:TenantType
150323855723,TAG,RESOLVED_MEMBER,"BASE_PATH,c3JjL3NoYXJlZC9jb250ZXh0L3JvbGVzL2RvbWFpbi9kdG8vZmluZC1yb2xlLmR0by50czo6cHJvZ3JhbQ==,NAME,RmluZFJvbGVEdG8="
150323855724,TAG,RESOLVED_MEMBER,"BASE_PATH,c3JjL3NoYXJlZC9jb250ZXh0L3JvbGVzL2RvbWFpbi9kdG8vY3JlYXRlLXJvbGUuZHRvLnRzOjpwcm9ncmFt,NAME,Q3JlYXRlUm9sZUR0bw=="
150323855725,TAG,RESOLVED_MEMBER,"BASE_PATH,c3JjL3NoYXJlZC9jb250ZXh0L3JvbGVzL2RvbWFpbi9kdG8vdXBkYXRlLXJvbGUuZHRvLnRzOjpwcm9ncmFt,NAME,VXBkYXRlUm9sZUR0bw=="
150323855726,TAG,RESOLVED_MEMBER,"BASE_PATH,c3JjL3NoYXJlZC9pbmZyYXN0cnVjdHVyZS9wZXJzaXN0YW5jZS9wb3N0Z3JlLXNxbC9kYkNvbmZpZy50czo6cHJvZ3JhbQ==,NAME,ZGJDb25maWc="
150323855727,TAG,UNKNOWN_METHOD,"FULL_NAME,QG5lc3Rqcy9jb21tb246SW5qZWN0YWJsZQ==,ALIAS,SW5qZWN0YWJsZQ==,RECEIVER,dGhpcw=="
150323855728,TAG,UNKNOWN_TYPE_DECL,@nestjs/common:Injectable
150323855729,TAG,UNKNOWN_METHOD,"FULL_NAME,QG5lc3Rqcy9jb21tb246TG9nZ2Vy,ALIAS,TG9nZ2Vy,RECEIVER,dGhpcw=="
150323855730,TAG,UNKNOWN_TYPE_DECL,@nestjs/common:Logger
150323855731,TAG,UNKNOWN_METHOD,"FULL_NAME,QG5lc3Rqcy9jb21tb246Rm9yYmlkZGVuRXhjZXB0aW9u,ALIAS,Rm9yYmlkZGVuRXhjZXB0aW9u,RECEIVER,dGhpcw=="
150323855732,TAG,UNKNOWN_TYPE_DECL,@nestjs/common:ForbiddenException
150323855733,TAG,UNKNOWN_METHOD,"FULL_NAME,QG5lc3Rqcy9jb21tb246Tm90Rm91bmRFeGNlcHRpb24=,ALIAS,Tm90Rm91bmRFeGNlcHRpb24=,RECEIVER,dGhpcw=="
150323855734,TAG,UNKNOWN_TYPE_DECL,@nestjs/common:NotFoundException
150323855735,TAG,UNKNOWN_METHOD,"FULL_NAME,QG5lc3Rqcy9zd2FnZ2VyOlBhcnRpYWxUeXBl,ALIAS,UGFydGlhbFR5cGU=,RECEIVER,dGhpcw=="
150323855736,TAG,UNKNOWN_TYPE_DECL,@nestjs/swagger:PartialType
150323855737,TAG,RESOLVED_MEMBER,"BASE_PATH,c3JjL3NoYXJlZC9jb250ZXh0L3RlbmFudC1yb2xlLWFsaWFzZXMvZHRvL2NyZWF0ZS10ZW5hbnQtcm9sZS1hbGlhc2VzLmR0by50czo6cHJvZ3JhbQ==,NAME,Q3JlYXRlVGVuYW50Um9sZUFsaWFzRHRv"
150323855738,TAG,UNKNOWN_METHOD,"FULL_NAME,QG5lc3Rqcy9zd2FnZ2VyOkFwaVByb3BlcnR5,ALIAS,QXBpUHJvcGVydHk=,RECEIVER,dGhpcw=="
150323855739,TAG,UNKNOWN_TYPE_DECL,@nestjs/swagger:ApiProperty
150323855740,TAG,UNKNOWN_METHOD,"FULL_NAME,QGF2YW50b2Rldi9hdmFudG8tZGI6Um9sZUFsaWFz,ALIAS,Um9sZUFsaWFz,RECEIVER,dGhpcw=="
150323855741,TAG,UNKNOWN_TYPE_DECL,@avantodev/avanto-db:RoleAlias
150323855742,TAG,RESOLVED_MEMBER,"BASE_PATH,c3JjL3NoYXJlZC9jb250ZXh0L3RlbmFudC1yb2xlLWFsaWFzZXMvZHRvL3RlbmFudC1yb2xlLWFsaWFzLmR0by50czo6cHJvZ3JhbQ==,NAME,VGVuYW50Um9sZUFsaWFzRHRv"
150323855743,TAG,UNKNOWN_METHOD,"FULL_NAME,QG5lc3Rqcy9zd2FnZ2VyOkFwaVByb3BlcnR5,ALIAS,QXBpUHJvcGVydHk=,RECEIVER,dGhpcw=="
150323855744,TAG,UNKNOWN_TYPE_DECL,@nestjs/swagger:ApiProperty
150323855745,TAG,UNKNOWN_METHOD,"FULL_NAME,Y2xhc3MtdmFsaWRhdG9yOklzTm90RW1wdHk=,ALIAS,SXNOb3RFbXB0eQ==,RECEIVER,dGhpcw=="
150323855746,TAG,UNKNOWN_TYPE_DECL,class-validator:IsNotEmpty
150323855747,TAG,UNKNOWN_METHOD,"FULL_NAME,QG5lc3Rqcy9zd2FnZ2VyOlBhcnRpYWxUeXBl,ALIAS,UGFydGlhbFR5cGU=,RECEIVER,dGhpcw=="
150323855748,TAG,UNKNOWN_TYPE_DECL,@nestjs/swagger:PartialType
150323855749,TAG,RESOLVED_MEMBER,"BASE_PATH,c3JjL3NoYXJlZC9jb250ZXh0L3RlbmFudC1yb2xlLWFsaWFzZXMvZHRvL2NyZWF0ZS10ZW5hbnQtcm9sZS1hbGlhc2VzLmR0by50czo6cHJvZ3JhbQ==,NAME,Q3JlYXRlVGVuYW50Um9sZUFsaWFzRHRv"
150323855750,TAG,UNKNOWN_METHOD,"FULL_NAME,QG5lc3Rqcy9zd2FnZ2VyOkFwaVByb3BlcnR5,ALIAS,QXBpUHJvcGVydHk=,RECEIVER,dGhpcw=="
150323855751,TAG,UNKNOWN_TYPE_DECL,@nestjs/swagger:ApiProperty
150323855752,TAG,UNKNOWN_METHOD,"FULL_NAME,QG5lc3Rqcy9zd2FnZ2VyOlBhcnRpYWxUeXBl,ALIAS,UGFydGlhbFR5cGU=,RECEIVER,dGhpcw=="
150323855753,TAG,UNKNOWN_TYPE_DECL,@nestjs/swagger:PartialType
150323855754,TAG,RESOLVED_MEMBER,"BASE_PATH,c3JjL3NoYXJlZC9jb250ZXh0L3RlbmFudC1yb2xlLWFsaWFzZXMvZHRvL2NyZWF0ZS10ZW5hbnQtcm9sZS1hbGlhc2VzLmR0by50czo6cHJvZ3JhbQ==,NAME,Q3JlYXRlVGVuYW50Um9sZUFsaWFzRHRv"
150323855755,TAG,UNKNOWN_METHOD,"FULL_NAME,QG5lc3Rqcy9zd2FnZ2VyOkFwaVByb3BlcnR5,ALIAS,QXBpUHJvcGVydHk=,RECEIVER,dGhpcw=="
150323855756,TAG,UNKNOWN_TYPE_DECL,@nestjs/swagger:ApiProperty
150323855757,TAG,UNKNOWN_METHOD,"FULL_NAME,Y2xhc3MtdmFsaWRhdG9yOklzTm90RW1wdHk=,ALIAS,SXNOb3RFbXB0eQ==,RECEIVER,dGhpcw=="
150323855758,TAG,UNKNOWN_TYPE_DECL,class-validator:IsNotEmpty
150323855759,TAG,RESOLVED_MEMBER,"BASE_PATH,c3JjL3NoYXJlZC9pbmZyYXN0cnVjdHVyZS9wZXJzaXN0YW5jZS9wb3N0Z3JlLXNxbC9kYkNvbmZpZy50czo6cHJvZ3JhbQ==,NAME,ZGJDb25maWc="
150323855760,TAG,UNKNOWN_METHOD,"FULL_NAME,QGF2YW50b2Rldi9hdmFudG8tZGI6Um9sZUFsaWFz,ALIAS,Um9sZUFsaWFz,RECEIVER,dGhpcw=="
150323855761,TAG,UNKNOWN_TYPE_DECL,@avantodev/avanto-db:RoleAlias
150323855762,TAG,UNKNOWN_METHOD,"FULL_NAME,QGF2YW50b2Rldi9hdmFudG8tZGI6Um9sZQ==,ALIAS,Um9sZQ==,RECEIVER,dGhpcw=="
150323855763,TAG,UNKNOWN_TYPE_DECL,@avantodev/avanto-db:Role
150323855764,TAG,UNKNOWN_METHOD,"FULL_NAME,QGF2YW50b2Rldi9hdmFudG8tZGI6VGVuYW50,ALIAS,VGVuYW50,RECEIVER,dGhpcw=="
150323855765,TAG,UNKNOWN_TYPE_DECL,@avantodev/avanto-db:Tenant
150323855766,TAG,UNKNOWN_METHOD,"FULL_NAME,QGF2YW50b2Rldi9hdmFudG8tZGI6VGVuYW50Um9sZUFsaWFzZXM=,ALIAS,VGVuYW50Um9sZUFsaWFzZXM=,RECEIVER,dGhpcw=="
150323855767,TAG,UNKNOWN_TYPE_DECL,@avantodev/avanto-db:TenantRoleAliases
150323855768,TAG,UNKNOWN_METHOD,"FULL_NAME,QG5lc3Rqcy9jb21tb246SW5qZWN0YWJsZQ==,ALIAS,SW5qZWN0YWJsZQ==,RECEIVER,dGhpcw=="
150323855769,TAG,UNKNOWN_TYPE_DECL,@nestjs/common:Injectable
150323855770,TAG,UNKNOWN_METHOD,"FULL_NAME,QG5lc3Rqcy9jb21tb246TG9nZ2Vy,ALIAS,TG9nZ2Vy,RECEIVER,dGhpcw=="
150323855771,TAG,UNKNOWN_TYPE_DECL,@nestjs/common:Logger
150323855772,TAG,UNKNOWN_METHOD,"FULL_NAME,QG5lc3Rqcy9jb21tb246Rm9yYmlkZGVuRXhjZXB0aW9u,ALIAS,Rm9yYmlkZGVuRXhjZXB0aW9u,RECEIVER,dGhpcw=="
150323855773,TAG,UNKNOWN_TYPE_DECL,@nestjs/common:ForbiddenException
150323855774,TAG,UNKNOWN_METHOD,"FULL_NAME,QG5lc3Rqcy9jb21tb246Tm90Rm91bmRFeGNlcHRpb24=,ALIAS,Tm90Rm91bmRFeGNlcHRpb24=,RECEIVER,dGhpcw=="
150323855775,TAG,UNKNOWN_TYPE_DECL,@nestjs/common:NotFoundException
150323855776,TAG,RESOLVED_MEMBER,"BASE_PATH,c3JjL3NoYXJlZC9jb250ZXh0L3RlbmFudC1yb2xlLWFsaWFzZXMvZHRvL2NyZWF0ZS10ZW5hbnQtcm9sZS1hbGlhc2VzLmR0by50czo6cHJvZ3JhbQ==,NAME,Q3JlYXRlVGVuYW50Um9sZUFsaWFzRHRv"
150323855777,TAG,RESOLVED_MEMBER,"BASE_PATH,c3JjL3NoYXJlZC9jb250ZXh0L3RlbmFudC1yb2xlLWFsaWFzZXMvZHRvL3VwZGF0ZS10ZW5hbnQtcm9sZS1hbGlhcy5kdG8udHM6OnByb2dyYW0=,NAME,VXBkYXRlVGVuYW50Um9sZUFsaWFzRHRv"
150323855778,TAG,RESOLVED_MEMBER,"BASE_PATH,c3JjL3NoYXJlZC9jb250ZXh0L3RlbmFudC1yb2xlLWFsaWFzZXMvZHRvL2ZpbmQtdGVuYW50LXJvbGUtYWxpYXMuZHRvLnRzOjpwcm9ncmFt,NAME,RmluZFRlbmFudFJvbGVBbGlhc0R0bw=="
150323855779,TAG,UNKNOWN_METHOD,"FULL_NAME,QG5lc3Rqcy90eXBlb3JtOkluamVjdFJlcG9zaXRvcnk=,ALIAS,SW5qZWN0UmVwb3NpdG9yeQ==,RECEIVER,dGhpcw=="
150323855780,TAG,UNKNOWN_TYPE_DECL,@nestjs/typeorm:InjectRepository
150323855781,TAG,UNKNOWN_METHOD,"FULL_NAME,dHlwZW9ybTpSZXBvc2l0b3J5,ALIAS,UmVwb3NpdG9yeQ==,RECEIVER,dGhpcw=="
150323855782,TAG,UNKNOWN_TYPE_DECL,typeorm:Repository
150323855783,TAG,UNKNOWN_METHOD,"FULL_NAME,dHlwZW9ybTpCcmFja2V0cw==,ALIAS,QnJhY2tldHM=,RECEIVER,dGhpcw=="
150323855784,TAG,UNKNOWN_TYPE_DECL,typeorm:Brackets
150323855785,TAG,RESOLVED_MEMBER,"BASE_PATH,c3JjL3NoYXJlZC9jb250ZXh0L3RlbmFudC1yb2xlLWFsaWFzZXMvZHRvL2Fzc2lnbi10ZW5hbnQtcm9sZS1hbGlhcy5kdG8udHM6OnByb2dyYW0=,NAME,QXNzaWduVGVuYW50Um9sZUFsaWFzRHRv"
150323855786,TAG,RESOLVED_MEMBER,"BASE_PATH,c3JjL3NoYXJlZC9jb250ZXh0L3RlbmFudHMvZG9tYWluL2R0by90ZW5hbnQuZHRvLnRzOjpwcm9ncmFt,NAME,VGVuYW50RHRv"
150323855787,TAG,UNKNOWN_METHOD,"FULL_NAME,QG5lc3Rqcy9zd2FnZ2VyOkFwaVByb3BlcnR5,ALIAS,QXBpUHJvcGVydHk=,RECEIVER,dGhpcw=="
150323855788,TAG,UNKNOWN_TYPE_DECL,@nestjs/swagger:ApiProperty
150323855789,TAG,UNKNOWN_METHOD,"FULL_NAME,Y2xhc3MtdmFsaWRhdG9yOklzTm90RW1wdHk=,ALIAS,SXNOb3RFbXB0eQ==,RECEIVER,dGhpcw=="
150323855790,TAG,UNKNOWN_TYPE_DECL,class-validator:IsNotEmpty
150323855791,TAG,UNKNOWN_METHOD,"FULL_NAME,Y2xhc3MtdmFsaWRhdG9yOkxlbmd0aA==,ALIAS,TGVuZ3Ro,RECEIVER,dGhpcw=="
150323855792,TAG,UNKNOWN_TYPE_DECL,class-validator:Length
150323855793,TAG,UNKNOWN_METHOD,"FULL_NAME,QG5lc3Rqcy9zd2FnZ2VyOkFwaVByb3BlcnR5,ALIAS,QXBpUHJvcGVydHk=,RECEIVER,dGhpcw=="
150323855794,TAG,UNKNOWN_TYPE_DECL,@nestjs/swagger:ApiProperty
150323855795,TAG,UNKNOWN_METHOD,"FULL_NAME,QG5lc3Rqcy9zd2FnZ2VyOlBhcnRpYWxUeXBl,ALIAS,UGFydGlhbFR5cGU=,RECEIVER,dGhpcw=="
150323855796,TAG,UNKNOWN_TYPE_DECL,@nestjs/swagger:PartialType
150323855797,TAG,RESOLVED_MEMBER,"BASE_PATH,c3JjL3NoYXJlZC9jb250ZXh0L3RlbmFudHMvZG9tYWluL2R0by9jcmVhdGUtdGVuYW50LmR0by50czo6cHJvZ3JhbQ==,NAME,Q3JlYXRlVGVuYW50RHRv"
150323855798,TAG,UNKNOWN_METHOD,"FULL_NAME,QG5lc3Rqcy9zd2FnZ2VyOkFwaVByb3BlcnR5,ALIAS,QXBpUHJvcGVydHk=,RECEIVER,dGhpcw=="
150323855799,TAG,UNKNOWN_TYPE_DECL,@nestjs/swagger:ApiProperty
150323855800,TAG,UNKNOWN_METHOD,"FULL_NAME,Y2xhc3MtdmFsaWRhdG9yOklzTm90RW1wdHk=,ALIAS,SXNOb3RFbXB0eQ==,RECEIVER,dGhpcw=="
150323855801,TAG,UNKNOWN_TYPE_DECL,class-validator:IsNotEmpty
150323855802,TAG,UNKNOWN_METHOD,"FULL_NAME,Y2xhc3MtdmFsaWRhdG9yOkxlbmd0aA==,ALIAS,TGVuZ3Ro,RECEIVER,dGhpcw=="
150323855803,TAG,UNKNOWN_TYPE_DECL,class-validator:Length
150323855804,TAG,UNKNOWN_METHOD,"FULL_NAME,QG5lc3Rqcy9zd2FnZ2VyOlBhcnRpYWxUeXBl,ALIAS,UGFydGlhbFR5cGU=,RECEIVER,dGhpcw=="
150323855805,TAG,UNKNOWN_TYPE_DECL,@nestjs/swagger:PartialType
150323855806,TAG,RESOLVED_MEMBER,"BASE_PATH,c3JjL3NoYXJlZC9jb250ZXh0L3RlbmFudHMvZG9tYWluL2R0by9jcmVhdGUtdGVuYW50LmR0by50czo6cHJvZ3JhbQ==,NAME,Q3JlYXRlVGVuYW50RHRv"
150323855807,TAG,UNKNOWN_METHOD,"FULL_NAME,dHlwZW9ybTpSZXBvc2l0b3J5,ALIAS,UmVwb3NpdG9yeQ==,RECEIVER,dGhpcw=="
150323855808,TAG,UNKNOWN_TYPE_DECL,typeorm:Repository
150323855809,TAG,UNKNOWN_METHOD,"FULL_NAME,QG5lc3Rqcy90eXBlb3JtOkluamVjdFJlcG9zaXRvcnk=,ALIAS,SW5qZWN0UmVwb3NpdG9yeQ==,RECEIVER,dGhpcw=="
150323855810,TAG,UNKNOWN_TYPE_DECL,@nestjs/typeorm:InjectRepository
150323855811,TAG,UNKNOWN_METHOD,"FULL_NAME,QG5lc3Rqcy9jb21tb246SW5qZWN0YWJsZQ==,ALIAS,SW5qZWN0YWJsZQ==,RECEIVER,dGhpcw=="
150323855812,TAG,UNKNOWN_TYPE_DECL,@nestjs/common:Injectable
150323855813,TAG,UNKNOWN_METHOD,"FULL_NAME,QG5lc3Rqcy9jb21tb246TG9nZ2Vy,ALIAS,TG9nZ2Vy,RECEIVER,dGhpcw=="
150323855814,TAG,UNKNOWN_TYPE_DECL,@nestjs/common:Logger
150323855815,TAG,UNKNOWN_METHOD,"FULL_NAME,QG5lc3Rqcy9jb21tb246Rm9yYmlkZGVuRXhjZXB0aW9u,ALIAS,Rm9yYmlkZGVuRXhjZXB0aW9u,RECEIVER,dGhpcw=="
150323855816,TAG,UNKNOWN_TYPE_DECL,@nestjs/common:ForbiddenException
150323855817,TAG,UNKNOWN_METHOD,"FULL_NAME,QG5lc3Rqcy9jb21tb246Tm90Rm91bmRFeGNlcHRpb24=,ALIAS,Tm90Rm91bmRFeGNlcHRpb24=,RECEIVER,dGhpcw=="
150323855818,TAG,UNKNOWN_TYPE_DECL,@nestjs/common:NotFoundException
150323855819,TAG,UNKNOWN_METHOD,"FULL_NAME,QGF2YW50b2Rldi9hdmFudG8tZGI6VGVuYW50,ALIAS,VGVuYW50,RECEIVER,dGhpcw=="
150323855820,TAG,UNKNOWN_TYPE_DECL,@avantodev/avanto-db:Tenant
150323855821,TAG,RESOLVED_MEMBER,"BASE_PATH,c3JjL3NoYXJlZC9jb250ZXh0L3RlbmFudHMvZG9tYWluL2R0by9maW5kLXRlbmFudC5kdG8udHM6OnByb2dyYW0=,NAME,RmluZFRlbmFudER0bw=="
150323855822,TAG,RESOLVED_MEMBER,"BASE_PATH,c3JjL3NoYXJlZC9jb250ZXh0L3RlbmFudHMvZG9tYWluL2R0by9jcmVhdGUtdGVuYW50LmR0by50czo6cHJvZ3JhbQ==,NAME,Q3JlYXRlVGVuYW50RHRv"
150323855823,TAG,RESOLVED_MEMBER,"BASE_PATH,c3JjL3NoYXJlZC9jb250ZXh0L3RlbmFudHMvZG9tYWluL2R0by91cGRhdGUtdGVuYW50LmR0by50czo6cHJvZ3JhbQ==,NAME,VXBkYXRlVGVuYW50RHRv"
150323855824,TAG,RESOLVED_MEMBER,"BASE_PATH,c3JjL3NoYXJlZC9pbmZyYXN0cnVjdHVyZS9wZXJzaXN0YW5jZS9wb3N0Z3JlLXNxbC9kYkNvbmZpZy50czo6cHJvZ3JhbQ==,NAME,ZGJDb25maWc="
150323855825,TAG,UNKNOWN_METHOD,"FULL_NAME,QGF2YW50b2Rldi9hdmFudG8tZGI6VGVuYW50,ALIAS,VGVuYW50,RECEIVER,dGhpcw=="
150323855826,TAG,UNKNOWN_TYPE_DECL,@avantodev/avanto-db:Tenant
150323855827,TAG,RESOLVED_MEMBER,"BASE_PATH,c3JjL3NoYXJlZC9jb250ZXh0L3VzZXItcm9sZS1ieS10ZW5hbnRzL2R0by91c2VyLXJvbGUtYnktdGVuYW50cy5kdG8udHM6OnByb2dyYW0=,NAME,VXNlclJvbGVCeVRlbmFudHNEdG8="
150323855828,TAG,UNKNOWN_METHOD,"FULL_NAME,QG5lc3Rqcy9zd2FnZ2VyOkFwaVByb3BlcnR5,ALIAS,QXBpUHJvcGVydHk=,RECEIVER,dGhpcw=="
150323855829,TAG,UNKNOWN_TYPE_DECL,@nestjs/swagger:ApiProperty
150323855830,TAG,UNKNOWN_METHOD,"FULL_NAME,Y2xhc3MtdmFsaWRhdG9yOklzTm90RW1wdHk=,ALIAS,SXNOb3RFbXB0eQ==,RECEIVER,dGhpcw=="
150323855831,TAG,UNKNOWN_TYPE_DECL,class-validator:IsNotEmpty
150323855832,TAG,UNKNOWN_METHOD,"FULL_NAME,QG5lc3Rqcy9zd2FnZ2VyOkFwaVByb3BlcnR5,ALIAS,QXBpUHJvcGVydHk=,RECEIVER,dGhpcw=="
150323855833,TAG,UNKNOWN_TYPE_DECL,@nestjs/swagger:ApiProperty
150323855834,TAG,UNKNOWN_METHOD,"FULL_NAME,QG5lc3Rqcy9zd2FnZ2VyOlBhcnRpYWxUeXBl,ALIAS,UGFydGlhbFR5cGU=,RECEIVER,dGhpcw=="
150323855835,TAG,UNKNOWN_TYPE_DECL,@nestjs/swagger:PartialType
150323855836,TAG,RESOLVED_MEMBER,"BASE_PATH,c3JjL3NoYXJlZC9jb250ZXh0L3VzZXItcm9sZS1ieS10ZW5hbnRzL2R0by9jcmVhdGUtdXNlci1yb2xlLWJ5LXRlbmFudHMuZHRvLnRzOjpwcm9ncmFt,NAME,Q3JlYXRlVXNlclJvbGVCeVRlbmFudHNEdG8="
150323855837,TAG,UNKNOWN_METHOD,"FULL_NAME,QG5lc3Rqcy9zd2FnZ2VyOkFwaVByb3BlcnR5,ALIAS,QXBpUHJvcGVydHk=,RECEIVER,dGhpcw=="
150323855838,TAG,UNKNOWN_TYPE_DECL,@nestjs/swagger:ApiProperty
150323855839,TAG,UNKNOWN_METHOD,"FULL_NAME,Y2xhc3MtdmFsaWRhdG9yOklzTm90RW1wdHk=,ALIAS,SXNOb3RFbXB0eQ==,RECEIVER,dGhpcw=="
150323855840,TAG,UNKNOWN_TYPE_DECL,class-validator:IsNotEmpty
150323855841,TAG,UNKNOWN_METHOD,"FULL_NAME,QG5lc3Rqcy9zd2FnZ2VyOlBhcnRpYWxUeXBl,ALIAS,UGFydGlhbFR5cGU=,RECEIVER,dGhpcw=="
150323855842,TAG,UNKNOWN_TYPE_DECL,@nestjs/swagger:PartialType
150323855843,TAG,RESOLVED_MEMBER,"BASE_PATH,c3JjL3NoYXJlZC9jb250ZXh0L3VzZXItcm9sZS1ieS10ZW5hbnRzL2R0by9jcmVhdGUtdXNlci1yb2xlLWJ5LXRlbmFudHMuZHRvLnRzOjpwcm9ncmFt,NAME,Q3JlYXRlVXNlclJvbGVCeVRlbmFudHNEdG8="
150323855844,TAG,UNKNOWN_METHOD,"FULL_NAME,dHlwZW9ybTpSZXBvc2l0b3J5,ALIAS,UmVwb3NpdG9yeQ==,RECEIVER,dGhpcw=="
150323855845,TAG,UNKNOWN_TYPE_DECL,typeorm:Repository
150323855846,TAG,UNKNOWN_METHOD,"FULL_NAME,QG5lc3Rqcy90eXBlb3JtOkluamVjdFJlcG9zaXRvcnk=,ALIAS,SW5qZWN0UmVwb3NpdG9yeQ==,RECEIVER,dGhpcw=="
150323855847,TAG,UNKNOWN_TYPE_DECL,@nestjs/typeorm:InjectRepository
150323855848,TAG,UNKNOWN_METHOD,"FULL_NAME,QG5lc3Rqcy9jb21tb246SW5qZWN0YWJsZQ==,ALIAS,SW5qZWN0YWJsZQ==,RECEIVER,dGhpcw=="
150323855849,TAG,UNKNOWN_TYPE_DECL,@nestjs/common:Injectable
150323855850,TAG,UNKNOWN_METHOD,"FULL_NAME,QG5lc3Rqcy9jb21tb246TG9nZ2Vy,ALIAS,TG9nZ2Vy,RECEIVER,dGhpcw=="
150323855851,TAG,UNKNOWN_TYPE_DECL,@nestjs/common:Logger
150323855852,TAG,UNKNOWN_METHOD,"FULL_NAME,QG5lc3Rqcy9jb21tb246Rm9yYmlkZGVuRXhjZXB0aW9u,ALIAS,Rm9yYmlkZGVuRXhjZXB0aW9u,RECEIVER,dGhpcw=="
150323855853,TAG,UNKNOWN_TYPE_DECL,@nestjs/common:ForbiddenException
150323855854,TAG,UNKNOWN_METHOD,"FULL_NAME,QG5lc3Rqcy9jb21tb246Tm90Rm91bmRFeGNlcHRpb24=,ALIAS,Tm90Rm91bmRFeGNlcHRpb24=,RECEIVER,dGhpcw=="
150323855855,TAG,UNKNOWN_TYPE_DECL,@nestjs/common:NotFoundException
150323855856,TAG,UNKNOWN_METHOD,"FULL_NAME,QG5lc3Rqcy9jb21tb246SW5qZWN0,ALIAS,SW5qZWN0,RECEIVER,dGhpcw=="
150323855857,TAG,UNKNOWN_TYPE_DECL,@nestjs/common:Inject
150323855858,TAG,UNKNOWN_METHOD,"FULL_NAME,QG5lc3Rqcy9jb21tb246Zm9yd2FyZFJlZg==,ALIAS,Zm9yd2FyZFJlZg==,RECEIVER,dGhpcw=="
150323855859,TAG,UNKNOWN_TYPE_DECL,@nestjs/common:forwardRef
150323855860,TAG,UNKNOWN_METHOD,"FULL_NAME,QGF2YW50b2Rldi9hdmFudG8tZGI6VXNlclJvbGVCeVRlbmFudHM=,ALIAS,VXNlclJvbGVCeVRlbmFudHM=,RECEIVER,dGhpcw=="
150323855861,TAG,UNKNOWN_TYPE_DECL,@avantodev/avanto-db:UserRoleByTenants
150323855862,TAG,RESOLVED_MEMBER,"BASE_PATH,c3JjL3NoYXJlZC9jb250ZXh0L3VzZXItcm9sZS1ieS10ZW5hbnRzL2R0by9maW5kLXVzZXItcm9sZS1ieS10ZW5hbnRzLmR0by50czo6cHJvZ3JhbQ==,NAME,RmluZFVzZXJSb2xlQnlUZW5hbnRzRHRv"
150323855863,TAG,RESOLVED_MEMBER,"BASE_PATH,c3JjL3NoYXJlZC9jb250ZXh0L3VzZXItcm9sZS1ieS10ZW5hbnRzL2R0by9jcmVhdGUtdXNlci1yb2xlLWJ5LXRlbmFudHMuZHRvLnRzOjpwcm9ncmFt,NAME,Q3JlYXRlVXNlclJvbGVCeVRlbmFudHNEdG8="
150323855864,TAG,RESOLVED_MEMBER,"BASE_PATH,c3JjL3NoYXJlZC9jb250ZXh0L3VzZXItcm9sZS1ieS10ZW5hbnRzL2R0by91cGRhdGUtdXNlci1yb2xlLWJ5LXRlbmFudHMuZHRvLnRzOjpwcm9ncmFt,NAME,VXBkYXRlVXNlclJvbGVCeVRlbmFudHNEdG8="
150323855865,TAG,UNKNOWN_METHOD,"FULL_NAME,c3JjL3NoYXJlZC9pbmZyYXN0cnVjdHVyZS9wZXJzaXN0YW5jZS9wb3N0Z3JlLXNxbC9kYkNvbmZpZzpkYkNvbmZpZw==,ALIAS,ZGJDb25maWc=,RECEIVER,dGhpcw=="
150323855866,TAG,UNKNOWN_TYPE_DECL,src/shared/infrastructure/persistance/postgre-sql/dbConfig:dbConfig
150323855867,TAG,RESOLVED_MEMBER,"BASE_PATH,c3JjL3NoYXJlZC9jb250ZXh0L3VzZXJzL2RvbWFpbi91c2Vycy5zZXJ2aWNlLnRzOjpwcm9ncmFt,NAME,VXNlcnNTZXJ2aWNl"
150323855868,TAG,RESOLVED_MEMBER,"BASE_PATH,c3JjL3NoYXJlZC9jb250ZXh0L3RlbmFudHMvZG9tYWluL3RlbmFudHMuc2VydmljZS50czo6cHJvZ3JhbQ==,NAME,VGVuYW50c1NlcnZpY2U="
150323855869,TAG,RESOLVED_MEMBER,"BASE_PATH,c3JjL3NoYXJlZC9jb250ZXh0L3JvbGVzL2RvbWFpbi9yb2xlcy5zZXJ2aWNlLnRzOjpwcm9ncmFt,NAME,Um9sZXNTZXJ2aWNl"
150323855870,TAG,RESOLVED_MEMBER,"BASE_PATH,c3JjL3NoYXJlZC9jb250ZXh0L3JvbGUtYWxpYXNlcy9kb21haW4vcm9sZS1hbGlhc2VzLnNlcnZpY2UudHM6OnByb2dyYW0=,NAME,Um9sZUFsaWFzZXNTZXJ2aWNl"
150323855871,TAG,UNKNOWN_METHOD,"FULL_NAME,QGF2YW50b2Rldi9hdmFudG8tZGIvZGlzdC9zaGFyZWQvZW51bXM6VHlwZU9mVXNlcg==,ALIAS,VHlwZU9mVXNlcg==,RECEIVER,dGhpcw=="
150323855872,TAG,UNKNOWN_TYPE_DECL,@avantodev/avanto-db/dist/shared/enums:TypeOfUser
150323855873,TAG,RESOLVED_MEMBER,"BASE_PATH,c3JjL3NoYXJlZC9jb250ZXh0L3VzZXJzL2RvbWFpbi9kdG8vdXNlci5kdG8udHM6OnByb2dyYW0=,NAME,VXNlckR0bw=="
150323855874,TAG,UNKNOWN_METHOD,"FULL_NAME,QG5lc3Rqcy9zd2FnZ2VyOkFwaVByb3BlcnR5,ALIAS,QXBpUHJvcGVydHk=,RECEIVER,dGhpcw=="
150323855875,TAG,UNKNOWN_TYPE_DECL,@nestjs/swagger:ApiProperty
150323855876,TAG,UNKNOWN_METHOD,"FULL_NAME,Y2xhc3MtdmFsaWRhdG9yOklzRW1haWw=,ALIAS,SXNFbWFpbA==,RECEIVER,dGhpcw=="
150323855877,TAG,UNKNOWN_TYPE_DECL,class-validator:IsEmail
150323855878,TAG,UNKNOWN_METHOD,"FULL_NAME,Y2xhc3MtdmFsaWRhdG9yOklzTm90RW1wdHk=,ALIAS,SXNOb3RFbXB0eQ==,RECEIVER,dGhpcw=="
150323855879,TAG,UNKNOWN_TYPE_DECL,class-validator:IsNotEmpty
150323855880,TAG,UNKNOWN_METHOD,"FULL_NAME,Y2xhc3MtdmFsaWRhdG9yOklzT3B0aW9uYWw=,ALIAS,SXNPcHRpb25hbA==,RECEIVER,dGhpcw=="
150323855881,TAG,UNKNOWN_TYPE_DECL,class-validator:IsOptional
150323855882,TAG,UNKNOWN_METHOD,"FULL_NAME,Y2xhc3MtdmFsaWRhdG9yOkxlbmd0aA==,ALIAS,TGVuZ3Ro,RECEIVER,dGhpcw=="
150323855883,TAG,UNKNOWN_TYPE_DECL,class-validator:Length
150323855884,TAG,UNKNOWN_METHOD,"FULL_NAME,QG5lc3Rqcy9zd2FnZ2VyOkFwaVByb3BlcnR5,ALIAS,QXBpUHJvcGVydHk=,RECEIVER,dGhpcw=="
150323855885,TAG,UNKNOWN_TYPE_DECL,@nestjs/swagger:ApiProperty
150323855886,TAG,UNKNOWN_METHOD,"FULL_NAME,QG5lc3Rqcy9zd2FnZ2VyOlBhcnRpYWxUeXBl,ALIAS,UGFydGlhbFR5cGU=,RECEIVER,dGhpcw=="
150323855887,TAG,UNKNOWN_TYPE_DECL,@nestjs/swagger:PartialType
150323855888,TAG,RESOLVED_MEMBER,"BASE_PATH,c3JjL3NoYXJlZC9jb250ZXh0L3VzZXJzL2RvbWFpbi9kdG8vY3JlYXRlLXVzZXIuZHRvLnRzOjpwcm9ncmFt,NAME,Q3JlYXRlVXNlckR0bw=="
150323855889,TAG,UNKNOWN_METHOD,"FULL_NAME,QGF2YW50b2Rldi9hdmFudG8tZGIvZGlzdC9zaGFyZWQvZW51bXM6VHlwZU9mVXNlcg==,ALIAS,VHlwZU9mVXNlcg==,RECEIVER,dGhpcw=="
150323855890,TAG,UNKNOWN_TYPE_DECL,@avantodev/avanto-db/dist/shared/enums:TypeOfUser
150323855891,TAG,UNKNOWN_METHOD,"FULL_NAME,QG5lc3Rqcy9zd2FnZ2VyOkFwaVByb3BlcnR5,ALIAS,QXBpUHJvcGVydHk=,RECEIVER,dGhpcw=="
150323855892,TAG,UNKNOWN_TYPE_DECL,@nestjs/swagger:ApiProperty
150323855893,TAG,UNKNOWN_METHOD,"FULL_NAME,QG5lc3Rqcy9zd2FnZ2VyOlBhcnRpYWxUeXBl,ALIAS,UGFydGlhbFR5cGU=,RECEIVER,dGhpcw=="
150323855894,TAG,UNKNOWN_TYPE_DECL,@nestjs/swagger:PartialType
150323855895,TAG,RESOLVED_MEMBER,"BASE_PATH,c3JjL3NoYXJlZC9jb250ZXh0L3VzZXJzL2RvbWFpbi9kdG8vY3JlYXRlLXVzZXIuZHRvLnRzOjpwcm9ncmFt,NAME,Q3JlYXRlVXNlckR0bw=="
150323855896,TAG,UNKNOWN_METHOD,"FULL_NAME,Y2xhc3MtdmFsaWRhdG9yOklzRW1haWw=,ALIAS,SXNFbWFpbA==,RECEIVER,dGhpcw=="
150323855897,TAG,UNKNOWN_TYPE_DECL,class-validator:IsEmail
150323855898,TAG,UNKNOWN_METHOD,"FULL_NAME,Y2xhc3MtdmFsaWRhdG9yOklzTm90RW1wdHk=,ALIAS,SXNOb3RFbXB0eQ==,RECEIVER,dGhpcw=="
150323855899,TAG,UNKNOWN_TYPE_DECL,class-validator:IsNotEmpty
150323855900,TAG,UNKNOWN_METHOD,"FULL_NAME,Y2xhc3MtdmFsaWRhdG9yOkxlbmd0aA==,ALIAS,TGVuZ3Ro,RECEIVER,dGhpcw=="
150323855901,TAG,UNKNOWN_TYPE_DECL,class-validator:Length
150323855902,TAG,UNKNOWN_METHOD,"FULL_NAME,QGF2YW50b2Rldi9hdmFudG8tZGIvZGlzdC9zaGFyZWQvZW51bXM6VHlwZU9mVXNlcg==,ALIAS,VHlwZU9mVXNlcg==,RECEIVER,dGhpcw=="
150323855903,TAG,UNKNOWN_TYPE_DECL,@avantodev/avanto-db/dist/shared/enums:TypeOfUser
150323855904,TAG,UNKNOWN_METHOD,"FULL_NAME,QGF2YW50b2Rldi9hdmFudG8tZGIvZGlzdC9zaGFyZWQvZW51bXM6VHlwZU9mVXNlcg==,ALIAS,VHlwZU9mVXNlcg==,RECEIVER,dGhpcw=="
150323855905,TAG,UNKNOWN_TYPE_DECL,@avantodev/avanto-db/dist/shared/enums:TypeOfUser
150323855906,TAG,UNKNOWN_METHOD,"FULL_NAME,QGF2YW50b2Rldi9hdmFudG8tZGI6Um9sZQ==,ALIAS,Um9sZQ==,RECEIVER,dGhpcw=="
150323855907,TAG,UNKNOWN_TYPE_DECL,@avantodev/avanto-db:Role
150323855908,TAG,UNKNOWN_METHOD,"FULL_NAME,QGF2YW50b2Rldi9hdmFudG8tZGI6VXNlcg==,ALIAS,VXNlcg==,RECEIVER,dGhpcw=="
150323855909,TAG,UNKNOWN_TYPE_DECL,@avantodev/avanto-db:User
150323855910,TAG,RESOLVED_MEMBER,"BASE_PATH,c3JjL3NoYXJlZC9jb250ZXh0L3VzZXJzL2RvbWFpbi9kdG8vY3JlYXRlLXVzZXIuZHRvLnRzOjpwcm9ncmFt,NAME,Q3JlYXRlVXNlckR0bw=="
150323855911,TAG,RESOLVED_MEMBER,"BASE_PATH,c3JjL3NoYXJlZC9jb250ZXh0L3VzZXJzL2RvbWFpbi9kdG8vdXBkYXRlLXVzZXIuZHRvLnRzOjpwcm9ncmFt,NAME,VXBkYXRlVXNlckR0bw=="
150323855912,TAG,RESOLVED_MEMBER,"BASE_PATH,c3JjL3NoYXJlZC9jb250ZXh0L3VzZXJzL2RvbWFpbi9kdG8vdXNlci5kdG8udHM6OnByb2dyYW0=,NAME,VXNlckR0bw=="
150323855913,TAG,UNKNOWN_METHOD,"FULL_NAME,QGF2YW50b2Rldi9hdmFudG8tZGIvZGlzdC9zaGFyZWQvZW51bXM6VHlwZU9mVXNlcg==,ALIAS,VHlwZU9mVXNlcg==,RECEIVER,dGhpcw=="
150323855914,TAG,UNKNOWN_TYPE_DECL,@avantodev/avanto-db/dist/shared/enums:TypeOfUser
150323855915,TAG,UNKNOWN_METHOD,"FULL_NAME,QG5lc3Rqcy9jb21tb246SW5qZWN0YWJsZQ==,ALIAS,SW5qZWN0YWJsZQ==,RECEIVER,dGhpcw=="
150323855916,TAG,UNKNOWN_TYPE_DECL,@nestjs/common:Injectable
150323855917,TAG,UNKNOWN_METHOD,"FULL_NAME,QG5lc3Rqcy9jb21tb246TG9nZ2Vy,ALIAS,TG9nZ2Vy,RECEIVER,dGhpcw=="
150323855918,TAG,UNKNOWN_TYPE_DECL,@nestjs/common:Logger
150323855919,TAG,UNKNOWN_METHOD,"FULL_NAME,QG5lc3Rqcy9jb21tb246Tm90Rm91bmRFeGNlcHRpb24=,ALIAS,Tm90Rm91bmRFeGNlcHRpb24=,RECEIVER,dGhpcw=="
150323855920,TAG,UNKNOWN_TYPE_DECL,@nestjs/common:NotFoundException
150323855921,TAG,UNKNOWN_METHOD,"FULL_NAME,QG5lc3Rqcy9jb21tb246Rm9yYmlkZGVuRXhjZXB0aW9u,ALIAS,Rm9yYmlkZGVuRXhjZXB0aW9u,RECEIVER,dGhpcw=="
150323855922,TAG,UNKNOWN_TYPE_DECL,@nestjs/common:ForbiddenException
150323855923,TAG,UNKNOWN_METHOD,"FULL_NAME,QG5lc3Rqcy90eXBlb3JtOkluamVjdFJlcG9zaXRvcnk=,ALIAS,SW5qZWN0UmVwb3NpdG9yeQ==,RECEIVER,dGhpcw=="
150323855924,TAG,UNKNOWN_TYPE_DECL,@nestjs/typeorm:InjectRepository
150323855925,TAG,UNKNOWN_METHOD,"FULL_NAME,dHlwZW9ybTpSZXBvc2l0b3J5,ALIAS,UmVwb3NpdG9yeQ==,RECEIVER,dGhpcw=="
150323855926,TAG,UNKNOWN_TYPE_DECL,typeorm:Repository
150323855927,TAG,UNKNOWN_METHOD,"FULL_NAME,QGF2YW50b2Rldi9hdmFudG8tZGI6VXNlcg==,ALIAS,VXNlcg==,RECEIVER,dGhpcw=="
150323855928,TAG,UNKNOWN_TYPE_DECL,@avantodev/avanto-db:User
150323855929,TAG,RESOLVED_MEMBER,"BASE_PATH,c3JjL3NoYXJlZC9pbmZyYXN0cnVjdHVyZS9wZXJzaXN0YW5jZS9wb3N0Z3JlLXNxbC9kYkNvbmZpZy50czo6cHJvZ3JhbQ==,NAME,ZGJDb25maWc="
150323855930,TAG,RESOLVED_MEMBER,"BASE_PATH,c3JjL3NoYXJlZC9jb250ZXh0L3RlbmFudHMvZG9tYWluL3RlbmFudHMuc2VydmljZS50czo6cHJvZ3JhbQ==,NAME,VGVuYW50c1NlcnZpY2U="
150323855931,TAG,RESOLVED_MEMBER,"BASE_PATH,c3JjL3NoYXJlZC9pbmZyYXN0cnVjdHVyZS9tYWlscy9tYWlsUHJvdmlkZXIudHM6OnByb2dyYW0=,NAME,RW1haWxQcm92aWRlcg=="
150323855932,TAG,UNKNOWN_METHOD,"FULL_NAME,QGF2YW50b2Rldi9hdmFudG8tZGI6VGVuYW50,ALIAS,VGVuYW50,RECEIVER,dGhpcw=="
150323855933,TAG,UNKNOWN_TYPE_DECL,@avantodev/avanto-db:Tenant
150323855934,TAG,UNKNOWN_METHOD,"FULL_NAME,QGF2YW50b2Rldi9hdmFudG8tZGI6Um9sZQ==,ALIAS,Um9sZQ==,RECEIVER,dGhpcw=="
150323855935,TAG,UNKNOWN_TYPE_DECL,@avantodev/avanto-db:Role
150323855936,TAG,UNKNOWN_METHOD,"FULL_NAME,QGF2YW50b2Rldi9hdmFudG8tZGI6VXNlcg==,ALIAS,VXNlcg==,RECEIVER,dGhpcw=="
150323855937,TAG,UNKNOWN_TYPE_DECL,@avantodev/avanto-db:User
150323855938,TAG,RESOLVED_MEMBER,"BASE_PATH,c3JjL3NoYXJlZC9pbmZyYXN0cnVjdHVyZS9wZXJzaXN0YW5jZS9wb3N0Z3JlLXNxbC9kYkNvbmZpZy50czo6cHJvZ3JhbQ==,NAME,ZGJDb25maWc="
150323855939,TAG,RESOLVED_METHOD,"FULL_NAME,c3JjL3NoYXJlZC91dGlscy50czo6cHJvZ3JhbTpnZXRSZXNwb25zZQ==,ALIAS,Z2V0UmVzcG9uc2U=,RECEIVER,dGhpcw=="
150323855940,TAG,RESOLVED_TYPE_DECL,src/shared/utils.ts::program:getResponse
150323855941,TAG,RESOLVED_METHOD,"FULL_NAME,c3JjL3NoYXJlZC91dGlscy50czo6cHJvZ3JhbTpyZWNvcmRHcmlkc01zVXJs,ALIAS,cmVjb3JkR3JpZHNNc1VybA==,RECEIVER,dGhpcw=="
150323855942,TAG,RESOLVED_TYPE_DECL,src/shared/utils.ts::program:recordGridsMsUrl
150323855943,TAG,RESOLVED_METHOD,"FULL_NAME,c3JjL3NoYXJlZC91dGlscy50czo6cHJvZ3JhbTpzZW5kRW1haWxQcm9jZXNz,ALIAS,c2VuZEVtYWlsUHJvY2Vzcw==,RECEIVER,dGhpcw=="
150323855944,TAG,RESOLVED_TYPE_DECL,src/shared/utils.ts::program:sendEmailProcess
150323855945,TAG,RESOLVED_METHOD,"FULL_NAME,c3JjL3NoYXJlZC91dGlscy50czo6cHJvZ3JhbTpzZW5kTWZhQXR0ZW1wdEVtYWlsUHJvY2Vzcw==,ALIAS,c2VuZE1mYUF0dGVtcHRFbWFpbFByb2Nlc3M=,RECEIVER,dGhpcw=="
150323855946,TAG,RESOLVED_TYPE_DECL,src/shared/utils.ts::program:sendMfaAttemptEmailProcess
150323855947,TAG,RESOLVED_METHOD,"FULL_NAME,c3JjL3NoYXJlZC91dGlscy50czo6cHJvZ3JhbTpzZW5kTWZhU3VjY2Vzc0VtYWlsUHJvY2Vzcw==,ALIAS,c2VuZE1mYVN1Y2Nlc3NFbWFpbFByb2Nlc3M=,RECEIVER,dGhpcw=="
150323855948,TAG,RESOLVED_TYPE_DECL,src/shared/utils.ts::program:sendMfaSuccessEmailProcess
150323855949,TAG,RESOLVED_MEMBER,"BASE_PATH,c3JjL3NoYXJlZC9jb250ZXh0L3VzZXJzL2RvbWFpbi9kdG8vZmluZC11c2VyLmR0by50czo6cHJvZ3JhbQ==,NAME,RmluZFVzZXJEdG8="
150323855950,TAG,UNKNOWN_METHOD,"FULL_NAME,QG5lc3Rqcy9jb21tb246SW5qZWN0YWJsZQ==,ALIAS,SW5qZWN0YWJsZQ==,RECEIVER,dGhpcw=="
150323855951,TAG,UNKNOWN_TYPE_DECL,@nestjs/common:Injectable
150323855952,TAG,UNKNOWN_METHOD,"FULL_NAME,QG5lc3Rqcy9jb21tb246TG9nZ2Vy,ALIAS,TG9nZ2Vy,RECEIVER,dGhpcw=="
150323855953,TAG,UNKNOWN_TYPE_DECL,@nestjs/common:Logger
150323855954,TAG,UNKNOWN_METHOD,"FULL_NAME,QG5lc3Rqcy9jb21tb246Rm9yYmlkZGVuRXhjZXB0aW9u,ALIAS,Rm9yYmlkZGVuRXhjZXB0aW9u,RECEIVER,dGhpcw=="
150323855955,TAG,UNKNOWN_TYPE_DECL,@nestjs/common:ForbiddenException
150323855956,TAG,UNKNOWN_METHOD,"FULL_NAME,QG5lc3Rqcy9jb21tb246Tm90Rm91bmRFeGNlcHRpb24=,ALIAS,Tm90Rm91bmRFeGNlcHRpb24=,RECEIVER,dGhpcw=="
150323855957,TAG,UNKNOWN_TYPE_DECL,@nestjs/common:NotFoundException
150323855958,TAG,UNKNOWN_METHOD,"FULL_NAME,QG5lc3Rqcy9jb21tb246Zm9yd2FyZFJlZg==,ALIAS,Zm9yd2FyZFJlZg==,RECEIVER,dGhpcw=="
150323855959,TAG,UNKNOWN_TYPE_DECL,@nestjs/common:forwardRef
150323855960,TAG,UNKNOWN_METHOD,"FULL_NAME,QG5lc3Rqcy9jb21tb246SW5qZWN0,ALIAS,SW5qZWN0,RECEIVER,dGhpcw=="
150323855961,TAG,UNKNOWN_TYPE_DECL,@nestjs/common:Inject
150323855962,TAG,UNKNOWN_METHOD,"FULL_NAME,QG5lc3Rqcy9jb21tb246QmFkUmVxdWVzdEV4Y2VwdGlvbg==,ALIAS,QmFkUmVxdWVzdEV4Y2VwdGlvbg==,RECEIVER,dGhpcw=="
150323855963,TAG,UNKNOWN_TYPE_DECL,@nestjs/common:BadRequestException
150323855964,TAG,RESOLVED_MEMBER,"BASE_PATH,c3JjL3NoYXJlZC9jb250ZXh0L3VzZXJzL2RvbWFpbi9kdG8vY3JlYXRlLXVzZXIuZHRvLnRzOjpwcm9ncmFt,NAME,Q3JlYXRlVXNlckR0bw=="
150323855965,TAG,RESOLVED_MEMBER,"BASE_PATH,c3JjL3NoYXJlZC9jb250ZXh0L3VzZXJzL2RvbWFpbi9kdG8vdXBkYXRlLXVzZXIuZHRvLnRzOjpwcm9ncmFt,NAME,VXBkYXRlVXNlckR0bw=="
150323855966,TAG,UNKNOWN_METHOD,"FULL_NAME,QG5lc3Rqcy90eXBlb3JtOkluamVjdFJlcG9zaXRvcnk=,ALIAS,SW5qZWN0UmVwb3NpdG9yeQ==,RECEIVER,dGhpcw=="
150323855967,TAG,UNKNOWN_TYPE_DECL,@nestjs/typeorm:InjectRepository
150323855968,TAG,UNKNOWN_METHOD,"FULL_NAME,dHlwZW9ybTpSZXBvc2l0b3J5,ALIAS,UmVwb3NpdG9yeQ==,RECEIVER,dGhpcw=="
150323855969,TAG,UNKNOWN_TYPE_DECL,typeorm:Repository
150323855970,TAG,RESOLVED_MEMBER,"BASE_PATH,c3JjL3NoYXJlZC9jb250ZXh0L3RlbmFudHMvZG9tYWluL3RlbmFudHMuc2VydmljZS50czo6cHJvZ3JhbQ==,NAME,VGVuYW50c1NlcnZpY2U="
150323855971,TAG,RESOLVED_MEMBER,"BASE_PATH,c3JjL3NoYXJlZC9kYXRhVHlwZXMvT3B0aW9ucy50czo6cHJvZ3JhbQ==,NAME,T3B0aW9ucw=="
150323855972,TAG,RESOLVED_MEMBER,"BASE_PATH,c3JjL3NoYXJlZC9pbmZyYXN0cnVjdHVyZS9tYWlscy9tYWlsUHJvdmlkZXIudHM6OnByb2dyYW0=,NAME,RW1haWxQcm92aWRlcg=="
150323855973,TAG,UNKNOWN_METHOD,"FULL_NAME,dXVpZDp2NA==,ALIAS,dXVpZA==,RECEIVER,dGhpcw=="
150323855974,TAG,UNKNOWN_TYPE_DECL,uuid:v4
150323855975,TAG,UNKNOWN_METHOD,"FULL_NAME,QGF2YW50b2Rldi9hdmFudG8tZGIvZGlzdC9zaGFyZWQvZW51bXM6SXNzdWVyRW51bQ==,ALIAS,SXNzdWVyRW51bQ==,RECEIVER,dGhpcw=="
150323855976,TAG,UNKNOWN_TYPE_DECL,@avantodev/avanto-db/dist/shared/enums:IssuerEnum
150323855977,TAG,UNKNOWN_METHOD,"FULL_NAME,QGF2YW50b2Rldi9hdmFudG8tZGIvZGlzdC9zaGFyZWQvZW51bXM6VHlwZU9mVXNlcg==,ALIAS,VHlwZU9mVXNlcg==,RECEIVER,dGhpcw=="
150323855978,TAG,UNKNOWN_TYPE_DECL,@avantodev/avanto-db/dist/shared/enums:TypeOfUser
150323855979,TAG,UNKNOWN_METHOD,"FULL_NAME,c3JjL3NoYXJlZC9kYXRhVHlwZXMvTXlDb250ZXh0OkNvbnRleHRQYXlsb2Fk,ALIAS,Q29udGV4dFBheWxvYWQ=,RECEIVER,dGhpcw=="
150323855980,TAG,UNKNOWN_TYPE_DECL,src/shared/dataTypes/MyContext:ContextPayload
150323855981,TAG,UNKNOWN_METHOD,"FULL_NAME,ZXhwcmVzczpSZXF1ZXN0,ALIAS,UmVxdWVzdA==,RECEIVER,dGhpcw=="
150323855982,TAG,UNKNOWN_TYPE_DECL,express:Request
150323855983,TAG,UNKNOWN_METHOD,"FULL_NAME,ZXhwcmVzczpSZXNwb25zZQ==,ALIAS,UmVzcG9uc2U=,RECEIVER,dGhpcw=="
150323855984,TAG,UNKNOWN_TYPE_DECL,express:Response
150323855985,TAG,RESOLVED_MEMBER,"BASE_PATH,c3JjL3NoYXJlZC9kYXRhVHlwZXMvRW51bXMudHM6OnByb2dyYW0=,NAME,SXNzdWVyRW51bQ=="
150323855986,TAG,UNKNOWN_METHOD,"FULL_NAME,ZXhwcmVzczpSZXF1ZXN0,ALIAS,UmVxdWVzdA==,RECEIVER,dGhpcw=="
150323855987,TAG,UNKNOWN_TYPE_DECL,express:Request
150323855988,TAG,RESOLVED_MEMBER,"BASE_PATH,c3JjL3NoYXJlZC9taWRkbGV3YXJlL2NvcnJlbGF0aW9uLWlkL2NvcnJlbGF0aW9uLWlkLm1pZGRsZXdhcmUudHM6OnByb2dyYW0=,NAME,Q09SUkVMQVRJT05fSURfSEVBREVS"
150323855989,TAG,UNKNOWN_METHOD,"FULL_NAME,QGF3cy1zZGsvY3JlZGVudGlhbC1wcm92aWRlcnM6ZnJvbUluc3RhbmNlTWV0YWRhdGE=,ALIAS,ZnJvbUluc3RhbmNlTWV0YWRhdGE=,RECEIVER,dGhpcw=="
150323855990,TAG,UNKNOWN_TYPE_DECL,@aws-sdk/credential-providers:fromInstanceMetadata
150323855991,TAG,UNKNOWN_METHOD,"FULL_NAME,QGF3cy1zZGsvY2xpZW50LXNlczpTRVM=,ALIAS,U0VT,RECEIVER,dGhpcw=="
150323855992,TAG,UNKNOWN_TYPE_DECL,@aws-sdk/client-ses:SES
150323855993,TAG,UNKNOWN_METHOD,"FULL_NAME,QGF3cy1zZGsvY2xpZW50LXNlczpTZW5kRW1haWxSZXF1ZXN0,ALIAS,U2VuZEVtYWlsUmVxdWVzdA==,RECEIVER,dGhpcw=="
150323855994,TAG,UNKNOWN_TYPE_DECL,@aws-sdk/client-ses:SendEmailRequest
150323855995,TAG,UNKNOWN_METHOD,"FULL_NAME,QGF3cy1zZGsvY2xpZW50LXNlczpTZW5kVGVtcGxhdGVkRW1haWxSZXF1ZXN0,ALIAS,U2VuZFRlbXBsYXRlZEVtYWlsUmVxdWVzdA==,RECEIVER,dGhpcw=="
150323855996,TAG,UNKNOWN_TYPE_DECL,@aws-sdk/client-ses:SendTemplatedEmailRequest
150323855997,TAG,UNKNOWN_METHOD,"FULL_NAME,QG5lc3Rqcy9jb21tb246SW5qZWN0YWJsZQ==,ALIAS,SW5qZWN0YWJsZQ==,RECEIVER,dGhpcw=="
150323855998,TAG,UNKNOWN_TYPE_DECL,@nestjs/common:Injectable
150323855999,TAG,UNKNOWN_METHOD,"FULL_NAME,QG5lc3Rqcy9jb21tb246TG9nZ2Vy,ALIAS,TG9nZ2Vy,RECEIVER,dGhpcw=="
150323856000,TAG,UNKNOWN_TYPE_DECL,@nestjs/common:Logger
150323856001,TAG,UNKNOWN_METHOD,"FULL_NAME,cHJvY2Vzczpwcm9jZXNz,ALIAS,cHJvY2Vzcw==,RECEIVER,dGhpcw=="
150323856002,TAG,UNKNOWN_TYPE_DECL,process:process
150323856003,TAG,UNKNOWN_METHOD,"FULL_NAME,cHJvY2Vzczpwcm9jZXNz,ALIAS,cHJvY2Vzcw==,RECEIVER,dGhpcw=="
150323856004,TAG,UNKNOWN_TYPE_DECL,process:process
150323856005,TAG,UNKNOWN_METHOD,"FULL_NAME,cHJvY2Vzczpwcm9jZXNz,ALIAS,cHJvY2Vzcw==,RECEIVER,dGhpcw=="
150323856006,TAG,UNKNOWN_TYPE_DECL,process:process
150323856007,TAG,UNKNOWN_METHOD,"FULL_NAME,cHJvY2Vzczpwcm9jZXNz,ALIAS,cHJvY2Vzcw==,RECEIVER,dGhpcw=="
150323856008,TAG,UNKNOWN_TYPE_DECL,process:process
150323856009,TAG,RESOLVED_MEMBER,"BASE_PATH,c3JjL3NoYXJlZC9pbmZyYXN0cnVjdHVyZS9wZXJzaXN0YW5jZS9wb3N0Z3JlLXNxbC9kYkNvbmZpZy50czo6cHJvZ3JhbQ==,NAME,ZGJDb25maWc="
150323856010,TAG,UNKNOWN_METHOD,"FULL_NAME,QG5lc3Rqcy90eXBlb3JtOlR5cGVPcm1Nb2R1bGVPcHRpb25z,ALIAS,VHlwZU9ybU1vZHVsZU9wdGlvbnM=,RECEIVER,dGhpcw=="
150323856011,TAG,UNKNOWN_TYPE_DECL,@nestjs/typeorm:TypeOrmModuleOptions
150323856012,TAG,UNKNOWN_METHOD,"FULL_NAME,QGF2YW50b2Rldi9hdmFudG8tZGI6Y29tbW9uRW50aXRpZXM=,ALIAS,Y29tbW9uRW50aXRpZXM=,RECEIVER,dGhpcw=="
150323856013,TAG,UNKNOWN_TYPE_DECL,@avantodev/avanto-db:commonEntities
150323856014,TAG,UNKNOWN_METHOD,"FULL_NAME,dHlwZW9ybTpEYXRhU291cmNlT3B0aW9ucw==,ALIAS,RGF0YVNvdXJjZU9wdGlvbnM=,RECEIVER,dGhpcw=="
150323856015,TAG,UNKNOWN_TYPE_DECL,typeorm:DataSourceOptions
150323856016,TAG,RESOLVED_METHOD,"FULL_NAME,c3JjL3NoYXJlZC91dGlscy50czo6cHJvZ3JhbTpldmFsRU5WQm9vbGVhbg==,ALIAS,ZXZhbEVOVkJvb2xlYW4=,RECEIVER,dGhpcw=="
150323856017,TAG,RESOLVED_TYPE_DECL,src/shared/utils.ts::program:evalENVBoolean
150323856018,TAG,UNKNOWN_METHOD,"FULL_NAME,ZG90ZW52L2NvbmZpZw==,ALIAS,ZG90ZW52L2NvbmZpZw==,RECEIVER,dGhpcw=="
150323856019,TAG,UNKNOWN_TYPE_DECL,dotenv/config
150323856020,TAG,UNKNOWN_METHOD,"FULL_NAME,QGF2YW50b2Rldi9hdmFudG8tc2hhcmVkLXJlc291cmNlcy9kaXN0L2luZnJhc3RydWN0dXJlL3BlcnNpc3RlbmNlL1Bvc3RncmVTUUwvUG9zdGdyZVNRTC5jb25maWc6UG9zdGdyZVNRTENvbmZpZw==,ALIAS,UG9zdGdyZVNRTENvbmZpZw==,RECEIVER,dGhpcw=="
150323856021,TAG,UNKNOWN_TYPE_DECL,@avantodev/avanto-shared-resources/dist/infrastructure/persistence/PostgreSQL/PostgreSQL.config:PostgreSQLConfig
150323856022,TAG,UNKNOWN_METHOD,"FULL_NAME,ZXhwcmVzczpOZXh0RnVuY3Rpb24=,ALIAS,TmV4dEZ1bmN0aW9u,RECEIVER,dGhpcw=="
150323856023,TAG,UNKNOWN_TYPE_DECL,express:NextFunction
150323856024,TAG,UNKNOWN_METHOD,"FULL_NAME,ZXhwcmVzczpSZXF1ZXN0,ALIAS,UmVxdWVzdA==,RECEIVER,dGhpcw=="
150323856025,TAG,UNKNOWN_TYPE_DECL,express:Request
150323856026,TAG,UNKNOWN_METHOD,"FULL_NAME,ZXhwcmVzczpSZXNwb25zZQ==,ALIAS,UmVzcG9uc2U=,RECEIVER,dGhpcw=="
150323856027,TAG,UNKNOWN_TYPE_DECL,express:Response
150323856028,TAG,UNKNOWN_METHOD,"FULL_NAME,QG5lc3Rqcy9jb21tb246SW5qZWN0YWJsZQ==,ALIAS,SW5qZWN0YWJsZQ==,RECEIVER,dGhpcw=="
150323856029,TAG,UNKNOWN_TYPE_DECL,@nestjs/common:Injectable
150323856030,TAG,UNKNOWN_METHOD,"FULL_NAME,QG5lc3Rqcy9jb21tb246TmVzdE1pZGRsZXdhcmU=,ALIAS,TmVzdE1pZGRsZXdhcmU=,RECEIVER,dGhpcw=="
150323856031,TAG,UNKNOWN_TYPE_DECL,@nestjs/common:NestMiddleware
150323856032,TAG,UNKNOWN_METHOD,"FULL_NAME,Y3J5cHRvOnJhbmRvbVVVSUQ=,ALIAS,cmFuZG9tVVVJRA==,RECEIVER,dGhpcw=="
150323856033,TAG,UNKNOWN_TYPE_DECL,crypto:randomUUID
150323856034,TAG,UNKNOWN_METHOD,"FULL_NAME,QGF2YW50b2Rldi9hdmFudG8tZGI6VGVuYW50,ALIAS,VGVuYW50,RECEIVER,dGhpcw=="
150323856035,TAG,UNKNOWN_TYPE_DECL,@avantodev/avanto-db:Tenant
150323856036,TAG,UNKNOWN_METHOD,"FULL_NAME,QGF2YW50b2Rldi9hdmFudG8tZGI6VXNlcg==,ALIAS,VXNlcg==,RECEIVER,dGhpcw=="
150323856037,TAG,UNKNOWN_TYPE_DECL,@avantodev/avanto-db:User
150323856038,TAG,RESOLVED_MEMBER,"BASE_PATH,c3JjL3NoYXJlZC9kYXRhVHlwZXMvRW51bXMudHM6OnByb2dyYW0=,NAME,SXNzdWVyRW51bQ=="
150323856039,TAG,UNKNOWN_METHOD,"FULL_NAME,YXdzLXNkazpBV1M=,ALIAS,QVdT,RECEIVER,dGhpcw=="
150323856040,TAG,UNKNOWN_TYPE_DECL,aws-sdk:AWS
150323856041,TAG,UNKNOWN_METHOD,"FULL_NAME,Y3Jvc3MtZmV0Y2g6ZmV0Y2g=,ALIAS,ZmV0Y2g=,RECEIVER,dGhpcw=="
150323856042,TAG,UNKNOWN_TYPE_DECL,cross-fetch:fetch
150323856043,TAG,UNKNOWN_METHOD,"FULL_NAME,QG5lc3Rqcy9jb21tb246QmFkUmVxdWVzdEV4Y2VwdGlvbg==,ALIAS,QmFkUmVxdWVzdEV4Y2VwdGlvbg==,RECEIVER,dGhpcw=="
150323856044,TAG,UNKNOWN_TYPE_DECL,@nestjs/common:BadRequestException
150323856045,TAG,UNKNOWN_METHOD,"FULL_NAME,QG5lc3Rqcy9jb21tb246Q29uZmxpY3RFeGNlcHRpb24=,ALIAS,Q29uZmxpY3RFeGNlcHRpb24=,RECEIVER,dGhpcw=="
150323856046,TAG,UNKNOWN_TYPE_DECL,@nestjs/common:ConflictException
150323856047,TAG,UNKNOWN_METHOD,"FULL_NAME,QG5lc3Rqcy9jb21tb246Rm9yYmlkZGVuRXhjZXB0aW9u,ALIAS,Rm9yYmlkZGVuRXhjZXB0aW9u,RECEIVER,dGhpcw=="
150323856048,TAG,UNKNOWN_TYPE_DECL,@nestjs/common:ForbiddenException
150323856049,TAG,UNKNOWN_METHOD,"FULL_NAME,QG5lc3Rqcy9jb21tb246SW50ZXJuYWxTZXJ2ZXJFcnJvckV4Y2VwdGlvbg==,ALIAS,SW50ZXJuYWxTZXJ2ZXJFcnJvckV4Y2VwdGlvbg==,RECEIVER,dGhpcw=="
150323856050,TAG,UNKNOWN_TYPE_DECL,@nestjs/common:InternalServerErrorException
150323856051,TAG,UNKNOWN_METHOD,"FULL_NAME,QG5lc3Rqcy9jb21tb246TG9nZ2Vy,ALIAS,TG9nZ2Vy,RECEIVER,dGhpcw=="
150323856052,TAG,UNKNOWN_TYPE_DECL,@nestjs/common:Logger
150323856053,TAG,UNKNOWN_METHOD,"FULL_NAME,QG5lc3Rqcy9jb21tb246Tm90Rm91bmRFeGNlcHRpb24=,ALIAS,Tm90Rm91bmRFeGNlcHRpb24=,RECEIVER,dGhpcw=="
150323856054,TAG,UNKNOWN_TYPE_DECL,@nestjs/common:NotFoundException
150323856055,TAG,UNKNOWN_METHOD,"FULL_NAME,QG5lc3Rqcy9jb21tb246UGF5bG9hZFRvb0xhcmdlRXhjZXB0aW9u,ALIAS,UGF5bG9hZFRvb0xhcmdlRXhjZXB0aW9u,RECEIVER,dGhpcw=="
150323856056,TAG,UNKNOWN_TYPE_DECL,@nestjs/common:PayloadTooLargeException
150323856057,TAG,UNKNOWN_METHOD,"FULL_NAME,QG5lc3Rqcy9jb21tb246UmVxdWVzdFRpbWVvdXRFeGNlcHRpb24=,ALIAS,UmVxdWVzdFRpbWVvdXRFeGNlcHRpb24=,RECEIVER,dGhpcw=="
150323856058,TAG,UNKNOWN_TYPE_DECL,@nestjs/common:RequestTimeoutException
150323856059,TAG,UNKNOWN_METHOD,"FULL_NAME,QG5lc3Rqcy9jb21tb246VW5hdXRob3JpemVkRXhjZXB0aW9u,ALIAS,VW5hdXRob3JpemVkRXhjZXB0aW9u,RECEIVER,dGhpcw=="
150323856060,TAG,UNKNOWN_TYPE_DECL,@nestjs/common:UnauthorizedException
150323856061,TAG,RESOLVED_METHOD,"FULL_NAME,c3JjL3NoYXJlZC9pbmZyYXN0cnVjdHVyZS9tYWlscy90ZW1wbGF0ZXMvdXNlckNvbmZpcm1hdGlvblRlbXBsYXRlLnRzOjpwcm9ncmFtOmdlbmVyYXRlQ29uZmlybWF0aW9uVGVtcGxhdGU=,ALIAS,Z2VuZXJhdGVDb25maXJtYXRpb25UZW1wbGF0ZQ==,RECEIVER,dGhpcw=="
150323856062,TAG,RESOLVED_TYPE_DECL,src/shared/infrastructure/mails/templates/userConfirmationTemplate.ts::program:generateConfirmationTemplate
150323856063,TAG,RESOLVED_MEMBER,"BASE_PATH,c3JjL3NoYXJlZC9pbmZyYXN0cnVjdHVyZS9tYWlscy9tYWlsUHJvdmlkZXIudHM6OnByb2dyYW0=,NAME,RW1haWxQcm92aWRlcg=="
150323856064,TAG,RESOLVED_METHOD,"FULL_NAME,c3JjL3NoYXJlZC9pbmZyYXN0cnVjdHVyZS9tYWlscy90ZW1wbGF0ZXMvbWZhQWxlcnRUZW1wbGF0ZS50czo6cHJvZ3JhbTpnZW5lcmF0ZU1mYUFsZXJ0VGVtcGxhdGU=,ALIAS,Z2VuZXJhdGVNZmFBbGVydFRlbXBsYXRl,RECEIVER,dGhpcw=="
150323856065,TAG,RESOLVED_TYPE_DECL,src/shared/infrastructure/mails/templates/mfaAlertTemplate.ts::program:generateMfaAlertTemplate
150323856066,TAG,RESOLVED_METHOD,"FULL_NAME,c3JjL3NoYXJlZC9pbmZyYXN0cnVjdHVyZS9tYWlscy90ZW1wbGF0ZXMvbWZhU3VjY2Vzc1RlbXBsYXRlLnRzOjpwcm9ncmFtOmdlbmVyYXRlTWZhU3VjY2Vzc1RlbXBsYXRl,ALIAS,Z2VuZXJhdGVNZmFTdWNjZXNzVGVtcGxhdGU=,RECEIVER,dGhpcw=="
150323856067,TAG,RESOLVED_TYPE_DECL,src/shared/infrastructure/mails/templates/mfaSuccessTemplate.ts::program:generateMfaSuccessTemplate
