21474836480,BINDING,<empty>,,
21474836481,BINDING,<empty>,,
21474836482,BINDING,<empty>,,
21474836483,BINDING,<empty>,,
21474836484,BINDING,<empty>,,
21474836485,BINDING,<empty>,,
21474836486,BINDING,<empty>,,
21474836487,BINDING,<empty>,,
21474836488,BINDING,<empty>,,
21474836489,BINDING,<empty>,,
21474836490,BINDING,<empty>,,
21474836491,BINDING,<empty>,,
21474836492,BINDING,<empty>,,
21474836493,BINDING,<empty>,,
21474836494,BINDING,<empty>,,
21474836495,BINDING,<empty>,,
21474836496,BINDING,<empty>,,
21474836497,BINDING,<empty>,,
21474836498,BINDING,<empty>,,
21474836499,BINDING,<empty>,,
21474836500,BINDING,<empty>,,
21474836501,BINDING,<empty>,,
21474836502,BINDING,<empty>,,
21474836503,BINDING,<empty>,,
21474836504,BINDING,<empty>,,
21474836505,BINDING,<empty>,,
21474836506,BINDING,<empty>,,
21474836507,BINDING,<empty>,,
21474836508,BINDING,<empty>,,
21474836509,BINDING,<empty>,,
21474836510,BINDING,<empty>,,
21474836511,BINDING,<empty>,,
21474836512,BINDING,<empty>,,
21474836513,BINDING,<empty>,,
21474836514,BINDING,<empty>,,
21474836515,BINDING,<empty>,,
21474836516,BINDING,<empty>,,
21474836517,BINDING,<empty>,,
21474836518,BINDING,<empty>,,
21474836519,BINDING,<empty>,,
21474836520,BINDING,<empty>,,
21474836521,BINDING,<empty>,,
21474836522,BINDING,<empty>,,
21474836523,BINDING,<empty>,,
21474836524,BINDING,<empty>,,
21474836525,BINDING,<empty>,,
21474836526,BINDING,<empty>,,
21474836527,BINDING,<empty>,,
21474836528,BINDING,<empty>,,
21474836529,BINDING,<empty>,,
21474836530,BINDING,<empty>,,
21474836531,BINDING,<empty>,,
21474836532,BINDING,<empty>,,
21474836533,BINDING,<empty>,,
21474836534,BINDING,<empty>,,
21474836535,BINDING,<empty>,,
21474836536,BINDING,<empty>,,
21474836537,BINDING,<empty>,,
21474836538,BINDING,<empty>,,
21474836539,BINDING,<empty>,,
21474836540,BINDING,<empty>,,
21474836541,BINDING,<empty>,,
21474836542,BINDING,<empty>,,
21474836543,BINDING,<empty>,,
21474836544,BINDING,<empty>,,
21474836545,BINDING,<empty>,,
21474836546,BINDING,<empty>,,
21474836547,BINDING,<empty>,,
21474836548,BINDING,<empty>,,
21474836549,BINDING,<empty>,,
21474836550,BINDING,<empty>,,
21474836551,BINDING,<empty>,,
21474836552,BINDING,<empty>,,
21474836553,BINDING,<empty>,,
21474836554,BINDING,<empty>,,
21474836555,BINDING,<empty>,,
21474836556,BINDING,<empty>,,
21474836557,BINDING,<empty>,,
21474836558,BINDING,<empty>,,
21474836559,BINDING,<empty>,,
21474836560,BINDING,<empty>,,
21474836561,BINDING,<empty>,,
21474836562,BINDING,<empty>,,
21474836563,BINDING,<empty>,,
21474836564,BINDING,<empty>,,
21474836565,BINDING,<empty>,,
21474836566,BINDING,<empty>,,
21474836567,BINDING,<empty>,,
21474836568,BINDING,<empty>,,
21474836569,BINDING,<empty>,,
21474836570,BINDING,<empty>,,
21474836571,BINDING,<empty>,,
21474836572,BINDING,<empty>,,
21474836573,BINDING,<empty>,,
21474836574,BINDING,<empty>,,
21474836575,BINDING,<empty>,,
21474836576,BINDING,<empty>,,
21474836577,BINDING,<empty>,,
21474836578,BINDING,<empty>,,
21474836579,BINDING,<empty>,,
21474836580,BINDING,<empty>,,
21474836581,BINDING,<empty>,,
21474836582,BINDING,<empty>,,
21474836583,BINDING,<empty>,,
21474836584,BINDING,<empty>,,
21474836585,BINDING,<empty>,,
21474836586,BINDING,<empty>,,
21474836587,BINDING,<empty>,,
21474836588,BINDING,<empty>,,
21474836589,BINDING,<empty>,,
21474836590,BINDING,<empty>,,
21474836591,BINDING,<empty>,,
21474836592,BINDING,<empty>,,
21474836593,BINDING,<empty>,,
21474836594,BINDING,<empty>,,
21474836595,BINDING,<empty>,,
21474836596,BINDING,<empty>,,
21474836597,BINDING,<empty>,,
21474836598,BINDING,<empty>,,
21474836599,BINDING,<empty>,,
21474836600,BINDING,<empty>,,
21474836601,BINDING,<empty>,,
21474836602,BINDING,<empty>,,
21474836603,BINDING,<empty>,,
21474836604,BINDING,<empty>,,
21474836605,BINDING,<empty>,,
21474836606,BINDING,<empty>,,
21474836607,BINDING,<empty>,,
21474836608,BINDING,<empty>,,
21474836609,BINDING,<empty>,,
21474836610,BINDING,<empty>,,
21474836611,BINDING,<empty>,,
21474836612,BINDING,<empty>,,
21474836613,BINDING,<empty>,,
21474836614,BINDING,<empty>,,
21474836615,BINDING,<empty>,,
21474836616,BINDING,<empty>,,
21474836617,BINDING,<empty>,,
21474836618,BINDING,<empty>,,
21474836619,BINDING,<empty>,,
21474836620,BINDING,<empty>,,
21474836621,BINDING,<empty>,,
21474836622,BINDING,<empty>,,
21474836623,BINDING,<empty>,,
21474836624,BINDING,<empty>,,
21474836625,BINDING,<empty>,,
21474836626,BINDING,<empty>,,
21474836627,BINDING,<empty>,,
21474836628,BINDING,<empty>,,
21474836629,BINDING,<empty>,,
21474836630,BINDING,<empty>,,
21474836631,BINDING,<empty>,,
21474836632,BINDING,<empty>,,
21474836633,BINDING,<empty>,,
21474836634,BINDING,<empty>,,
21474836635,BINDING,<empty>,,
21474836636,BINDING,<empty>,,
21474836637,BINDING,<empty>,,
21474836638,BINDING,<empty>,,
21474836639,BINDING,<empty>,,
21474836640,BINDING,<empty>,,
21474836641,BINDING,<empty>,,
21474836642,BINDING,<empty>,,
21474836643,BINDING,<empty>,,
21474836644,BINDING,<empty>,,
21474836645,BINDING,<empty>,,
21474836646,BINDING,<empty>,,
21474836647,BINDING,<empty>,,
21474836648,BINDING,<empty>,,
21474836649,BINDING,<empty>,,
21474836650,BINDING,<empty>,,
21474836651,BINDING,<empty>,,
21474836652,BINDING,<empty>,,
21474836653,BINDING,<empty>,,
21474836654,BINDING,<empty>,,
21474836655,BINDING,<empty>,,
21474836656,BINDING,<empty>,,
21474836657,BINDING,<empty>,,
21474836658,BINDING,<empty>,,
21474836659,BINDING,<empty>,,
21474836660,BINDING,<empty>,,
21474836661,BINDING,<empty>,,
21474836662,BINDING,<empty>,,
21474836663,BINDING,<empty>,,
21474836664,BINDING,<empty>,,
21474836665,BINDING,<empty>,,
21474836666,BINDING,<empty>,,
21474836667,BINDING,<empty>,,
21474836668,BINDING,<empty>,,
21474836669,BINDING,<empty>,,
21474836670,BINDING,<empty>,,
21474836671,BINDING,<empty>,,
21474836672,BINDING,<empty>,,
21474836673,BINDING,<empty>,,
21474836674,BINDING,<empty>,,
21474836675,BINDING,<empty>,,
21474836676,BINDING,<empty>,,
21474836677,BINDING,<empty>,,
21474836678,BINDING,<empty>,,
21474836679,BINDING,<empty>,,
21474836680,BINDING,<empty>,,
21474836681,BINDING,<empty>,,
21474836682,BINDING,<empty>,,
21474836683,BINDING,<empty>,,
21474836684,BINDING,<empty>,,
21474836685,BINDING,<empty>,,
21474836686,BINDING,<empty>,,
21474836687,BINDING,<empty>,,
21474836688,BINDING,<empty>,,
21474836689,BINDING,<empty>,,
21474836690,BINDING,<empty>,,
21474836691,BINDING,<empty>,,
21474836692,BINDING,<empty>,,
21474836693,BINDING,<empty>,,
21474836694,BINDING,<empty>,,
21474836695,BINDING,<empty>,,
21474836696,BINDING,<empty>,,
21474836697,BINDING,<empty>,,
21474836698,BINDING,<empty>,,
21474836699,BINDING,<empty>,,
21474836700,BINDING,<empty>,,
21474836701,BINDING,<empty>,,
21474836702,BINDING,<empty>,,
21474836703,BINDING,<empty>,,
21474836704,BINDING,<empty>,,
21474836705,BINDING,<empty>,,
21474836706,BINDING,<empty>,,
21474836707,BINDING,<empty>,,
21474836708,BINDING,<empty>,,
21474836709,BINDING,<empty>,,
21474836710,BINDING,<empty>,,
21474836711,BINDING,<empty>,,
21474836712,BINDING,<empty>,,
21474836713,BINDING,<empty>,,
21474836714,BINDING,<empty>,,
21474836715,BINDING,<empty>,,
21474836716,BINDING,<empty>,,
21474836717,BINDING,<empty>,,
21474836718,BINDING,<empty>,,
21474836719,BINDING,<empty>,,
21474836720,BINDING,<empty>,,
21474836721,BINDING,<empty>,,
21474836722,BINDING,<empty>,,
21474836723,BINDING,<empty>,,
21474836724,BINDING,<empty>,,
21474836725,BINDING,<empty>,,
21474836726,BINDING,<empty>,,
21474836727,BINDING,<empty>,,
21474836728,BINDING,<empty>,,
21474836729,BINDING,<empty>,,
21474836730,BINDING,<empty>,,
21474836731,BINDING,<empty>,,
21474836732,BINDING,<empty>,,
21474836733,BINDING,<empty>,,
21474836734,BINDING,<empty>,,
21474836735,BINDING,<empty>,,
21474836736,BINDING,<empty>,,
21474836737,BINDING,<empty>,,
21474836738,BINDING,<empty>,,
21474836739,BINDING,<empty>,,
21474836740,BINDING,<empty>,,
21474836741,BINDING,<empty>,,
21474836742,BINDING,<empty>,,
21474836743,BINDING,<empty>,,
21474836744,BINDING,<empty>,,
21474836745,BINDING,<empty>,,
21474836746,BINDING,<empty>,,
21474836747,BINDING,<empty>,,
21474836748,BINDING,<empty>,,
21474836749,BINDING,<empty>,,
21474836750,BINDING,<empty>,,
21474836751,BINDING,<empty>,,
21474836752,BINDING,<empty>,,
21474836753,BINDING,<empty>,,
21474836754,BINDING,<empty>,,
21474836755,BINDING,<empty>,,
21474836756,BINDING,<empty>,,
21474836757,BINDING,<empty>,,
