163208757248,TYPE,ANY,ANY,ANY
163208757249,TYPE,AWS.SES.SendEmailRequest,SendEmailRequest,AWS.SES.SendEmailRequest
163208757250,TYPE,AppController,AppController,AppController
163208757251,TYPE,AppModule,AppModule,AppModule
163208757252,TYPE,AppService,AppService,AppService
163208757253,TYPE,AssignTenantRoleAliasDto,AssignTenantRoleAliasDto,AssignTenantRoleAliasDto
163208757254,TYPE,Console,Console,Console
163208757255,TYPE,ContextPayload,ContextPayload,ContextPayload
163208757256,TYPE,CorrelationIdMiddleware,CorrelationIdMiddleware,CorrelationIdMiddleware
163208757257,TYPE,CreateRoleAliasDto,CreateRoleAliasDto,CreateRoleAliasDto
163208757258,TYPE,CreateRoleDto,CreateRoleDto,CreateRoleDto
163208757259,TYPE,CreateTenantDto,CreateTenantDto,CreateTenantDto
163208757260,TYPE,CreateTenantRoleAliasDto,CreateTenantRoleAliasDto,CreateTenantRoleAliasDto
163208757261,TYPE,CreateUserDto,CreateUserDto,CreateUserDto
163208757262,TYPE,CreateUserRoleByTenantsDto,CreateUserRoleByTenantsDto,CreateUserRoleByTenantsDto
163208757263,TYPE,DataSourceOptions,DataSourceOptions,DataSourceOptions
163208757264,TYPE,Date,Date,Date
163208757265,TYPE,DateConstructor,DateConstructor,DateConstructor
163208757266,TYPE,EmailProvider,EmailProvider,EmailProvider
163208757267,TYPE,ErrorConstructor,ErrorConstructor,ErrorConstructor
163208757268,TYPE,FieldAccessEnum.Editable,Editable,FieldAccessEnum.Editable
163208757269,TYPE,FieldAccessEnum.NotAllowed,NotAllowed,FieldAccessEnum.NotAllowed
163208757270,TYPE,FieldAccessEnum.ViewOnly,ViewOnly,FieldAccessEnum.ViewOnly
163208757271,TYPE,FindRoleAliasDto,FindRoleAliasDto,FindRoleAliasDto
163208757272,TYPE,FindRoleDto,FindRoleDto,FindRoleDto
163208757273,TYPE,FindTenantDto,FindTenantDto,FindTenantDto
163208757274,TYPE,FindTenantRoleAliasDto,FindTenantRoleAliasDto,FindTenantRoleAliasDto
163208757275,TYPE,FindUserDto,FindUserDto,FindUserDto
163208757276,TYPE,FindUserRoleByTenantsDto,FindUserRoleByTenantsDto,FindUserRoleByTenantsDto
163208757277,TYPE,IssuerEnum,IssuerEnum,IssuerEnum
163208757278,TYPE,IssuerEnum.BackOffice,BackOffice,IssuerEnum.BackOffice
163208757279,TYPE,IssuerEnum.Saas,Saas,IssuerEnum.Saas
163208757280,TYPE,Logger,Logger,Logger
163208757281,TYPE,MiddlewareConsumer,MiddlewareConsumer,MiddlewareConsumer
163208757282,TYPE,NextFunction,NextFunction,NextFunction
163208757283,TYPE,NumberConstructor,NumberConstructor,NumberConstructor
163208757284,TYPE,Options,Options,Options
163208757285,TYPE,Partial<Role>,Partial<Role>,Partial<Role>
163208757286,TYPE,PostgreSQLConfig,PostgreSQLConfig,PostgreSQLConfig
163208757287,TYPE,Promise<RoleAlias>,Promise<RoleAlias>,Promise<RoleAlias>
163208757288,TYPE,Promise<RoleAlias[]>,Promise<RoleAlias[]>,Promise<RoleAlias[]>
163208757289,TYPE,Promise<Role[]>,Promise<Role[]>,Promise<Role[]>
163208757290,TYPE,Promise<Tenant>,Promise<Tenant>,Promise<Tenant>
163208757291,TYPE,Promise<TenantRoleAliases[]>,Promise<TenantRoleAliases[]>,Promise<TenantRoleAliases[]>
163208757292,TYPE,Promise<Tenant[]>,Promise<Tenant[]>,Promise<Tenant[]>
163208757293,TYPE,Promise<User>,Promise<User>,Promise<User>
163208757294,TYPE,Promise<User[]>,Promise<User[]>,Promise<User[]>
163208757295,TYPE,Promise<any>,Promise<any>,Promise<any>
163208757296,TYPE,Promise<boolean>,Promise<boolean>,Promise<boolean>
163208757297,TYPE,Promise<number[]>,Promise<number[]>,Promise<number[]>
163208757298,TYPE,Promise<void>,Promise<void>,Promise<void>
163208757299,TYPE,"Record<string, __ecma.String>",String>,"Record<string, __ecma.String>"
163208757300,TYPE,RegExp,RegExp,RegExp
163208757301,TYPE,Repository<Role>,Repository<Role>,Repository<Role>
163208757302,TYPE,Repository<RoleAlias>,Repository<RoleAlias>,Repository<RoleAlias>
163208757303,TYPE,Repository<Tenant>,Repository<Tenant>,Repository<Tenant>
163208757304,TYPE,Repository<TenantRoleAliases>,Repository<TenantRoleAliases>,Repository<TenantRoleAliases>
163208757305,TYPE,Repository<User>,Repository<User>,Repository<User>
163208757306,TYPE,Repository<UserRoleByTenants>,Repository<UserRoleByTenants>,Repository<UserRoleByTenants>
163208757307,TYPE,Request,Request,Request
163208757308,TYPE,Response,Response,Response
163208757309,TYPE,Role,Role,Role
163208757310,TYPE,RoleAlias,RoleAlias,RoleAlias
163208757311,TYPE,RoleAliasesController,RoleAliasesController,RoleAliasesController
163208757312,TYPE,RoleAliasesModule,RoleAliasesModule,RoleAliasesModule
163208757313,TYPE,RoleAliasesService,RoleAliasesService,RoleAliasesService
163208757314,TYPE,RolesController,RolesController,RolesController
163208757315,TYPE,RolesModule,RolesModule,RolesModule
163208757316,TYPE,RolesService,RolesService,RolesService
163208757317,TYPE,SES,SES,SES
163208757318,TYPE,SendEmailRequest,SendEmailRequest,SendEmailRequest
163208757319,TYPE,SendTemplatedEmailRequest,SendTemplatedEmailRequest,SendTemplatedEmailRequest
163208757320,TYPE,StringConstructor,StringConstructor,StringConstructor
163208757321,TYPE,Tenant,Tenant,Tenant
163208757322,TYPE,TenantRoleAliasModule,TenantRoleAliasModule,TenantRoleAliasModule
163208757323,TYPE,TenantRoleAliases,TenantRoleAliases,TenantRoleAliases
163208757324,TYPE,TenantRoleAliasesController,TenantRoleAliasesController,TenantRoleAliasesController
163208757325,TYPE,TenantRoleAliasesService,TenantRoleAliasesService,TenantRoleAliasesService
163208757326,TYPE,TenantsController,TenantsController,TenantsController
163208757327,TYPE,TenantsModule,TenantsModule,TenantsModule
163208757328,TYPE,TenantsService,TenantsService,TenantsService
163208757329,TYPE,TypeOfUser,TypeOfUser,TypeOfUser
163208757330,TYPE,TypeOrmModuleOptions,TypeOrmModuleOptions,TypeOrmModuleOptions
163208757331,TYPE,UpdateRoleAliasDto,UpdateRoleAliasDto,UpdateRoleAliasDto
163208757332,TYPE,UpdateRoleDto,UpdateRoleDto,UpdateRoleDto
163208757333,TYPE,UpdateTenantDto,UpdateTenantDto,UpdateTenantDto
163208757334,TYPE,UpdateTenantRoleAliasDto,UpdateTenantRoleAliasDto,UpdateTenantRoleAliasDto
163208757335,TYPE,UpdateUserDto,UpdateUserDto,UpdateUserDto
163208757336,TYPE,UpdateUserRoleByTenantsDto,UpdateUserRoleByTenantsDto,UpdateUserRoleByTenantsDto
163208757337,TYPE,User,User,User
163208757338,TYPE,UserRoleByTenantsController,UserRoleByTenantsController,UserRoleByTenantsController
163208757339,TYPE,UserRoleByTenantsModule,UserRoleByTenantsModule,UserRoleByTenantsModule
163208757340,TYPE,UserRoleByTenantsService,UserRoleByTenantsService,UserRoleByTenantsService
163208757341,TYPE,UserVerificationService,UserVerificationService,UserVerificationService
163208757342,TYPE,UsersController,UsersController,UsersController
163208757343,TYPE,UsersModule,UsersModule,UsersModule
163208757344,TYPE,UsersService,UsersService,UsersService
163208757345,TYPE,__ecma.Array,Array,__ecma.Array
163208757346,TYPE,__ecma.Boolean,Boolean,__ecma.Boolean
163208757347,TYPE,__ecma.Number,Number,__ecma.Number
163208757348,TYPE,__ecma.Object,Object,__ecma.Object
163208757349,TYPE,__ecma.String,String,__ecma.String
163208757350,TYPE,commitlint.config.js::program,:program,commitlint.config.js::program
163208757351,TYPE,false,false,false
163208757352,TYPE,never,never,never
163208757353,TYPE,object,object,object
163208757354,TYPE,src/app.controller.ts::program,:program,src/app.controller.ts::program
163208757355,TYPE,src/app.controller.ts::program:AppController,AppController,src/app.controller.ts::program:AppController
163208757356,TYPE,src/app.controller.ts::program:AppController:<init>,<init>,src/app.controller.ts::program:AppController:<init>
163208757357,TYPE,src/app.controller.ts::program:AppController:getHello,getHello,src/app.controller.ts::program:AppController:getHello
163208757358,TYPE,src/app.module.ts::program,:program,src/app.module.ts::program
163208757359,TYPE,src/app.module.ts::program:AppModule,AppModule,src/app.module.ts::program:AppModule
163208757360,TYPE,src/app.module.ts::program:AppModule:<init>,<init>,src/app.module.ts::program:AppModule:<init>
163208757361,TYPE,src/app.module.ts::program:AppModule:configure,configure,src/app.module.ts::program:AppModule:configure
163208757362,TYPE,src/app.service.ts::program,:program,src/app.service.ts::program
163208757363,TYPE,src/app.service.ts::program:AppService,AppService,src/app.service.ts::program:AppService
163208757364,TYPE,src/app.service.ts::program:AppService:<init>,<init>,src/app.service.ts::program:AppService:<init>
163208757365,TYPE,src/app.service.ts::program:AppService:getHello,getHello,src/app.service.ts::program:AppService:getHello
163208757366,TYPE,src/context/role-aliases/role-aliases.controller.ts::program,:program,src/context/role-aliases/role-aliases.controller.ts::program
163208757367,TYPE,src/context/role-aliases/role-aliases.controller.ts::program:RoleAliasesController,RoleAliasesController,src/context/role-aliases/role-aliases.controller.ts::program:RoleAliasesController
163208757368,TYPE,src/context/role-aliases/role-aliases.controller.ts::program:RoleAliasesController:<init>,<init>,src/context/role-aliases/role-aliases.controller.ts::program:RoleAliasesController:<init>
163208757369,TYPE,src/context/role-aliases/role-aliases.controller.ts::program:RoleAliasesController:create,create,src/context/role-aliases/role-aliases.controller.ts::program:RoleAliasesController:create
163208757370,TYPE,src/context/role-aliases/role-aliases.controller.ts::program:RoleAliasesController:findAll,findAll,src/context/role-aliases/role-aliases.controller.ts::program:RoleAliasesController:findAll
163208757371,TYPE,src/context/role-aliases/role-aliases.controller.ts::program:RoleAliasesController:findMany,findMany,src/context/role-aliases/role-aliases.controller.ts::program:RoleAliasesController:findMany
163208757372,TYPE,src/context/role-aliases/role-aliases.controller.ts::program:RoleAliasesController:findOne,findOne,src/context/role-aliases/role-aliases.controller.ts::program:RoleAliasesController:findOne
163208757373,TYPE,src/context/role-aliases/role-aliases.controller.ts::program:RoleAliasesController:remove,remove,src/context/role-aliases/role-aliases.controller.ts::program:RoleAliasesController:remove
163208757374,TYPE,src/context/role-aliases/role-aliases.controller.ts::program:RoleAliasesController:update,update,src/context/role-aliases/role-aliases.controller.ts::program:RoleAliasesController:update
163208757375,TYPE,src/context/role-aliases/role-aliases.module.ts::program,:program,src/context/role-aliases/role-aliases.module.ts::program
163208757376,TYPE,src/context/role-aliases/role-aliases.module.ts::program:RoleAliasesModule,RoleAliasesModule,src/context/role-aliases/role-aliases.module.ts::program:RoleAliasesModule
163208757377,TYPE,src/context/role-aliases/role-aliases.module.ts::program:RoleAliasesModule:<init>,<init>,src/context/role-aliases/role-aliases.module.ts::program:RoleAliasesModule:<init>
163208757378,TYPE,src/context/roles/roles.controller.ts::program,:program,src/context/roles/roles.controller.ts::program
163208757379,TYPE,src/context/roles/roles.controller.ts::program:RolesController,RolesController,src/context/roles/roles.controller.ts::program:RolesController
163208757380,TYPE,src/context/roles/roles.controller.ts::program:RolesController:<init>,<init>,src/context/roles/roles.controller.ts::program:RolesController:<init>
163208757381,TYPE,src/context/roles/roles.controller.ts::program:RolesController:create,create,src/context/roles/roles.controller.ts::program:RolesController:create
163208757382,TYPE,src/context/roles/roles.controller.ts::program:RolesController:findAll,findAll,src/context/roles/roles.controller.ts::program:RolesController:findAll
163208757383,TYPE,src/context/roles/roles.controller.ts::program:RolesController:findMany,findMany,src/context/roles/roles.controller.ts::program:RolesController:findMany
163208757384,TYPE,src/context/roles/roles.controller.ts::program:RolesController:findOne,findOne,src/context/roles/roles.controller.ts::program:RolesController:findOne
163208757385,TYPE,src/context/roles/roles.controller.ts::program:RolesController:remove,remove,src/context/roles/roles.controller.ts::program:RolesController:remove
163208757386,TYPE,src/context/roles/roles.controller.ts::program:RolesController:update,update,src/context/roles/roles.controller.ts::program:RolesController:update
163208757387,TYPE,src/context/roles/roles.module.ts::program,:program,src/context/roles/roles.module.ts::program
163208757388,TYPE,src/context/roles/roles.module.ts::program:RolesModule,RolesModule,src/context/roles/roles.module.ts::program:RolesModule
163208757389,TYPE,src/context/roles/roles.module.ts::program:RolesModule:<init>,<init>,src/context/roles/roles.module.ts::program:RolesModule:<init>
163208757390,TYPE,src/context/tenant-role-aliases/tenant-role-aliases.controller.ts::program,:program,src/context/tenant-role-aliases/tenant-role-aliases.controller.ts::program
163208757391,TYPE,src/context/tenant-role-aliases/tenant-role-aliases.controller.ts::program:TenantRoleAliasesController,TenantRoleAliasesController,src/context/tenant-role-aliases/tenant-role-aliases.controller.ts::program:TenantRoleAliasesController
163208757392,TYPE,src/context/tenant-role-aliases/tenant-role-aliases.controller.ts::program:TenantRoleAliasesController:<init>,<init>,src/context/tenant-role-aliases/tenant-role-aliases.controller.ts::program:TenantRoleAliasesController:<init>
163208757393,TYPE,src/context/tenant-role-aliases/tenant-role-aliases.controller.ts::program:TenantRoleAliasesController:assing,assing,src/context/tenant-role-aliases/tenant-role-aliases.controller.ts::program:TenantRoleAliasesController:assing
163208757394,TYPE,src/context/tenant-role-aliases/tenant-role-aliases.controller.ts::program:TenantRoleAliasesController:create,create,src/context/tenant-role-aliases/tenant-role-aliases.controller.ts::program:TenantRoleAliasesController:create
163208757395,TYPE,src/context/tenant-role-aliases/tenant-role-aliases.controller.ts::program:TenantRoleAliasesController:findAll,findAll,src/context/tenant-role-aliases/tenant-role-aliases.controller.ts::program:TenantRoleAliasesController:findAll
163208757396,TYPE,src/context/tenant-role-aliases/tenant-role-aliases.controller.ts::program:TenantRoleAliasesController:findMany,findMany,src/context/tenant-role-aliases/tenant-role-aliases.controller.ts::program:TenantRoleAliasesController:findMany
163208757397,TYPE,src/context/tenant-role-aliases/tenant-role-aliases.controller.ts::program:TenantRoleAliasesController:findOne,findOne,src/context/tenant-role-aliases/tenant-role-aliases.controller.ts::program:TenantRoleAliasesController:findOne
163208757398,TYPE,src/context/tenant-role-aliases/tenant-role-aliases.controller.ts::program:TenantRoleAliasesController:remove,remove,src/context/tenant-role-aliases/tenant-role-aliases.controller.ts::program:TenantRoleAliasesController:remove
163208757399,TYPE,src/context/tenant-role-aliases/tenant-role-aliases.controller.ts::program:TenantRoleAliasesController:update,update,src/context/tenant-role-aliases/tenant-role-aliases.controller.ts::program:TenantRoleAliasesController:update
163208757400,TYPE,src/context/tenant-role-aliases/tenant-role-aliases.module.ts::program,:program,src/context/tenant-role-aliases/tenant-role-aliases.module.ts::program
163208757401,TYPE,src/context/tenant-role-aliases/tenant-role-aliases.module.ts::program:TenantRoleAliasModule,TenantRoleAliasModule,src/context/tenant-role-aliases/tenant-role-aliases.module.ts::program:TenantRoleAliasModule
163208757402,TYPE,src/context/tenant-role-aliases/tenant-role-aliases.module.ts::program:TenantRoleAliasModule:<init>,<init>,src/context/tenant-role-aliases/tenant-role-aliases.module.ts::program:TenantRoleAliasModule:<init>
163208757403,TYPE,src/context/tenants/tenants.controller.ts::program,:program,src/context/tenants/tenants.controller.ts::program
163208757404,TYPE,src/context/tenants/tenants.controller.ts::program:TenantsController,TenantsController,src/context/tenants/tenants.controller.ts::program:TenantsController
163208757405,TYPE,src/context/tenants/tenants.controller.ts::program:TenantsController:<init>,<init>,src/context/tenants/tenants.controller.ts::program:TenantsController:<init>
163208757406,TYPE,src/context/tenants/tenants.controller.ts::program:TenantsController:create,create,src/context/tenants/tenants.controller.ts::program:TenantsController:create
163208757407,TYPE,src/context/tenants/tenants.controller.ts::program:TenantsController:findAll,findAll,src/context/tenants/tenants.controller.ts::program:TenantsController:findAll
163208757408,TYPE,src/context/tenants/tenants.controller.ts::program:TenantsController:findMany,findMany,src/context/tenants/tenants.controller.ts::program:TenantsController:findMany
163208757409,TYPE,src/context/tenants/tenants.controller.ts::program:TenantsController:findOne,findOne,src/context/tenants/tenants.controller.ts::program:TenantsController:findOne
163208757410,TYPE,src/context/tenants/tenants.controller.ts::program:TenantsController:remove,remove,src/context/tenants/tenants.controller.ts::program:TenantsController:remove
163208757411,TYPE,src/context/tenants/tenants.controller.ts::program:TenantsController:update,update,src/context/tenants/tenants.controller.ts::program:TenantsController:update
163208757412,TYPE,src/context/tenants/tenants.module.ts::program,:program,src/context/tenants/tenants.module.ts::program
163208757413,TYPE,src/context/tenants/tenants.module.ts::program:TenantsModule,TenantsModule,src/context/tenants/tenants.module.ts::program:TenantsModule
163208757414,TYPE,src/context/tenants/tenants.module.ts::program:TenantsModule:<init>,<init>,src/context/tenants/tenants.module.ts::program:TenantsModule:<init>
163208757415,TYPE,src/context/user-role-by-tenants/user-role-by-tenants.controller.ts::program,:program,src/context/user-role-by-tenants/user-role-by-tenants.controller.ts::program
163208757416,TYPE,src/context/user-role-by-tenants/user-role-by-tenants.controller.ts::program:UserRoleByTenantsController,UserRoleByTenantsController,src/context/user-role-by-tenants/user-role-by-tenants.controller.ts::program:UserRoleByTenantsController
163208757417,TYPE,src/context/user-role-by-tenants/user-role-by-tenants.controller.ts::program:UserRoleByTenantsController:<init>,<init>,src/context/user-role-by-tenants/user-role-by-tenants.controller.ts::program:UserRoleByTenantsController:<init>
163208757418,TYPE,src/context/user-role-by-tenants/user-role-by-tenants.controller.ts::program:UserRoleByTenantsController:create,create,src/context/user-role-by-tenants/user-role-by-tenants.controller.ts::program:UserRoleByTenantsController:create
163208757419,TYPE,src/context/user-role-by-tenants/user-role-by-tenants.controller.ts::program:UserRoleByTenantsController:findAll,findAll,src/context/user-role-by-tenants/user-role-by-tenants.controller.ts::program:UserRoleByTenantsController:findAll
163208757420,TYPE,src/context/user-role-by-tenants/user-role-by-tenants.controller.ts::program:UserRoleByTenantsController:findMany,findMany,src/context/user-role-by-tenants/user-role-by-tenants.controller.ts::program:UserRoleByTenantsController:findMany
163208757421,TYPE,src/context/user-role-by-tenants/user-role-by-tenants.controller.ts::program:UserRoleByTenantsController:remove,remove,src/context/user-role-by-tenants/user-role-by-tenants.controller.ts::program:UserRoleByTenantsController:remove
163208757422,TYPE,src/context/user-role-by-tenants/user-role-by-tenants.controller.ts::program:UserRoleByTenantsController:update,update,src/context/user-role-by-tenants/user-role-by-tenants.controller.ts::program:UserRoleByTenantsController:update
163208757423,TYPE,src/context/user-role-by-tenants/user-role-by-tenants.module.ts::program,:program,src/context/user-role-by-tenants/user-role-by-tenants.module.ts::program
163208757424,TYPE,src/context/user-role-by-tenants/user-role-by-tenants.module.ts::program:UserRoleByTenantsModule,UserRoleByTenantsModule,src/context/user-role-by-tenants/user-role-by-tenants.module.ts::program:UserRoleByTenantsModule
163208757425,TYPE,src/context/user-role-by-tenants/user-role-by-tenants.module.ts::program:UserRoleByTenantsModule:<init>,<init>,src/context/user-role-by-tenants/user-role-by-tenants.module.ts::program:UserRoleByTenantsModule:<init>
163208757426,TYPE,src/context/users/users.controller.ts::program,:program,src/context/users/users.controller.ts::program
163208757427,TYPE,src/context/users/users.controller.ts::program:UsersController,UsersController,src/context/users/users.controller.ts::program:UsersController
163208757428,TYPE,src/context/users/users.controller.ts::program:UsersController:<init>,<init>,src/context/users/users.controller.ts::program:UsersController:<init>
163208757429,TYPE,src/context/users/users.controller.ts::program:UsersController:create,create,src/context/users/users.controller.ts::program:UsersController:create
163208757430,TYPE,src/context/users/users.controller.ts::program:UsersController:findAll,findAll,src/context/users/users.controller.ts::program:UsersController:findAll
163208757431,TYPE,src/context/users/users.controller.ts::program:UsersController:findMany,findMany,src/context/users/users.controller.ts::program:UsersController:findMany
163208757432,TYPE,src/context/users/users.controller.ts::program:UsersController:findOne,findOne,src/context/users/users.controller.ts::program:UsersController:findOne
163208757433,TYPE,src/context/users/users.controller.ts::program:UsersController:remove,remove,src/context/users/users.controller.ts::program:UsersController:remove
163208757434,TYPE,src/context/users/users.controller.ts::program:UsersController:resendVerification,resendVerification,src/context/users/users.controller.ts::program:UsersController:resendVerification
163208757435,TYPE,src/context/users/users.controller.ts::program:UsersController:sendMfaAttemptEmail,sendMfaAttemptEmail,src/context/users/users.controller.ts::program:UsersController:sendMfaAttemptEmail
163208757436,TYPE,src/context/users/users.controller.ts::program:UsersController:sendMfaSuccessEmail,sendMfaSuccessEmail,src/context/users/users.controller.ts::program:UsersController:sendMfaSuccessEmail
163208757437,TYPE,src/context/users/users.controller.ts::program:UsersController:update,update,src/context/users/users.controller.ts::program:UsersController:update
163208757438,TYPE,src/context/users/users.module.ts::program,:program,src/context/users/users.module.ts::program
163208757439,TYPE,src/context/users/users.module.ts::program:UsersModule,UsersModule,src/context/users/users.module.ts::program:UsersModule
163208757440,TYPE,src/context/users/users.module.ts::program:UsersModule:<init>,<init>,src/context/users/users.module.ts::program:UsersModule:<init>
163208757441,TYPE,src/main.ts::program,:program,src/main.ts::program
163208757442,TYPE,src/main.ts::program:bootstrap,bootstrap,src/main.ts::program:bootstrap
163208757443,TYPE,src/main.ts::program:bootstrap:<lambda>0,<lambda>0,src/main.ts::program:bootstrap:<lambda>0
163208757444,TYPE,src/shared/context/role-aliases/domain/dto/create-role-alias.dto.ts::program,:program,src/shared/context/role-aliases/domain/dto/create-role-alias.dto.ts::program
163208757445,TYPE,src/shared/context/role-aliases/domain/dto/create-role-alias.dto.ts::program:CreateRoleAliasDto,CreateRoleAliasDto,src/shared/context/role-aliases/domain/dto/create-role-alias.dto.ts::program:CreateRoleAliasDto
163208757446,TYPE,src/shared/context/role-aliases/domain/dto/create-role-alias.dto.ts::program:CreateRoleAliasDto:<init>,<init>,src/shared/context/role-aliases/domain/dto/create-role-alias.dto.ts::program:CreateRoleAliasDto:<init>
163208757447,TYPE,src/shared/context/role-aliases/domain/dto/find-role-alias.dto.ts::program,:program,src/shared/context/role-aliases/domain/dto/find-role-alias.dto.ts::program
163208757448,TYPE,src/shared/context/role-aliases/domain/dto/find-role-alias.dto.ts::program:FindRoleAliasDto,FindRoleAliasDto,src/shared/context/role-aliases/domain/dto/find-role-alias.dto.ts::program:FindRoleAliasDto
163208757449,TYPE,src/shared/context/role-aliases/domain/dto/find-role-alias.dto.ts::program:FindRoleAliasDto:<init>,<init>,src/shared/context/role-aliases/domain/dto/find-role-alias.dto.ts::program:FindRoleAliasDto:<init>
163208757450,TYPE,src/shared/context/role-aliases/domain/dto/role-alias.dto.ts::program,:program,src/shared/context/role-aliases/domain/dto/role-alias.dto.ts::program
163208757451,TYPE,src/shared/context/role-aliases/domain/dto/role-alias.dto.ts::program:AssignTenantRoleAliasesDto,AssignTenantRoleAliasesDto,src/shared/context/role-aliases/domain/dto/role-alias.dto.ts::program:AssignTenantRoleAliasesDto
163208757452,TYPE,src/shared/context/role-aliases/domain/dto/role-alias.dto.ts::program:RoleAliasDto,RoleAliasDto,src/shared/context/role-aliases/domain/dto/role-alias.dto.ts::program:RoleAliasDto
163208757453,TYPE,src/shared/context/role-aliases/domain/dto/role-alias.dto.ts::program:RoleAliasDto:<init>,<init>,src/shared/context/role-aliases/domain/dto/role-alias.dto.ts::program:RoleAliasDto:<init>
163208757454,TYPE,src/shared/context/role-aliases/domain/dto/update-role-alias.dto.ts::program,:program,src/shared/context/role-aliases/domain/dto/update-role-alias.dto.ts::program
163208757455,TYPE,src/shared/context/role-aliases/domain/dto/update-role-alias.dto.ts::program:UpdateRoleAliasDto,UpdateRoleAliasDto,src/shared/context/role-aliases/domain/dto/update-role-alias.dto.ts::program:UpdateRoleAliasDto
163208757456,TYPE,src/shared/context/role-aliases/domain/dto/update-role-alias.dto.ts::program:UpdateRoleAliasDto:<init>,<init>,src/shared/context/role-aliases/domain/dto/update-role-alias.dto.ts::program:UpdateRoleAliasDto:<init>
163208757457,TYPE,src/shared/context/role-aliases/domain/role-aliases.service.ts::program,:program,src/shared/context/role-aliases/domain/role-aliases.service.ts::program
163208757458,TYPE,src/shared/context/role-aliases/domain/role-aliases.service.ts::program:RoleAliasesService,RoleAliasesService,src/shared/context/role-aliases/domain/role-aliases.service.ts::program:RoleAliasesService
163208757459,TYPE,src/shared/context/role-aliases/domain/role-aliases.service.ts::program:RoleAliasesService:<init>,<init>,src/shared/context/role-aliases/domain/role-aliases.service.ts::program:RoleAliasesService:<init>
163208757460,TYPE,src/shared/context/role-aliases/domain/role-aliases.service.ts::program:RoleAliasesService:<init>:<lambda>0,<lambda>0,src/shared/context/role-aliases/domain/role-aliases.service.ts::program:RoleAliasesService:<init>:<lambda>0
163208757461,TYPE,src/shared/context/role-aliases/domain/role-aliases.service.ts::program:RoleAliasesService:create,create,src/shared/context/role-aliases/domain/role-aliases.service.ts::program:RoleAliasesService:create
163208757462,TYPE,src/shared/context/role-aliases/domain/role-aliases.service.ts::program:RoleAliasesService:create:<lambda>1,<lambda>1,src/shared/context/role-aliases/domain/role-aliases.service.ts::program:RoleAliasesService:create:<lambda>1
163208757463,TYPE,src/shared/context/role-aliases/domain/role-aliases.service.ts::program:RoleAliasesService:findAll,findAll,src/shared/context/role-aliases/domain/role-aliases.service.ts::program:RoleAliasesService:findAll
163208757464,TYPE,src/shared/context/role-aliases/domain/role-aliases.service.ts::program:RoleAliasesService:findByMany,findByMany,src/shared/context/role-aliases/domain/role-aliases.service.ts::program:RoleAliasesService:findByMany
163208757465,TYPE,src/shared/context/role-aliases/domain/role-aliases.service.ts::program:RoleAliasesService:findByMany:<lambda>2,<lambda>2,src/shared/context/role-aliases/domain/role-aliases.service.ts::program:RoleAliasesService:findByMany:<lambda>2
163208757466,TYPE,src/shared/context/role-aliases/domain/role-aliases.service.ts::program:RoleAliasesService:findByMany:<lambda>3,<lambda>3,src/shared/context/role-aliases/domain/role-aliases.service.ts::program:RoleAliasesService:findByMany:<lambda>3
163208757467,TYPE,src/shared/context/role-aliases/domain/role-aliases.service.ts::program:RoleAliasesService:findOne,findOne,src/shared/context/role-aliases/domain/role-aliases.service.ts::program:RoleAliasesService:findOne
163208757468,TYPE,src/shared/context/role-aliases/domain/role-aliases.service.ts::program:RoleAliasesService:remove,remove,src/shared/context/role-aliases/domain/role-aliases.service.ts::program:RoleAliasesService:remove
163208757469,TYPE,src/shared/context/role-aliases/domain/role-aliases.service.ts::program:RoleAliasesService:update,update,src/shared/context/role-aliases/domain/role-aliases.service.ts::program:RoleAliasesService:update
163208757470,TYPE,src/shared/context/role-aliases/domain/role-aliases.service.ts::program:RoleAliasesService:update:<lambda>4,<lambda>4,src/shared/context/role-aliases/domain/role-aliases.service.ts::program:RoleAliasesService:update:<lambda>4
163208757471,TYPE,src/shared/context/roles/domain/dto/create-role.dto.ts::program,:program,src/shared/context/roles/domain/dto/create-role.dto.ts::program
163208757472,TYPE,src/shared/context/roles/domain/dto/create-role.dto.ts::program:CreateRoleDto,CreateRoleDto,src/shared/context/roles/domain/dto/create-role.dto.ts::program:CreateRoleDto
163208757473,TYPE,src/shared/context/roles/domain/dto/create-role.dto.ts::program:CreateRoleDto:<init>,<init>,src/shared/context/roles/domain/dto/create-role.dto.ts::program:CreateRoleDto:<init>
163208757474,TYPE,src/shared/context/roles/domain/dto/find-role.dto.ts::program,:program,src/shared/context/roles/domain/dto/find-role.dto.ts::program
163208757475,TYPE,src/shared/context/roles/domain/dto/find-role.dto.ts::program:FindRoleDto,FindRoleDto,src/shared/context/roles/domain/dto/find-role.dto.ts::program:FindRoleDto
163208757476,TYPE,src/shared/context/roles/domain/dto/find-role.dto.ts::program:FindRoleDto:<init>,<init>,src/shared/context/roles/domain/dto/find-role.dto.ts::program:FindRoleDto:<init>
163208757477,TYPE,src/shared/context/roles/domain/dto/role.dto.ts::program,:program,src/shared/context/roles/domain/dto/role.dto.ts::program
163208757478,TYPE,src/shared/context/roles/domain/dto/role.dto.ts::program:RoleDto,RoleDto,src/shared/context/roles/domain/dto/role.dto.ts::program:RoleDto
163208757479,TYPE,src/shared/context/roles/domain/dto/role.dto.ts::program:RoleDto:<init>,<init>,src/shared/context/roles/domain/dto/role.dto.ts::program:RoleDto:<init>
163208757480,TYPE,src/shared/context/roles/domain/dto/update-role.dto.ts::program,:program,src/shared/context/roles/domain/dto/update-role.dto.ts::program
163208757481,TYPE,src/shared/context/roles/domain/dto/update-role.dto.ts::program:UpdateRoleDto,UpdateRoleDto,src/shared/context/roles/domain/dto/update-role.dto.ts::program:UpdateRoleDto
163208757482,TYPE,src/shared/context/roles/domain/dto/update-role.dto.ts::program:UpdateRoleDto:<init>,<init>,src/shared/context/roles/domain/dto/update-role.dto.ts::program:UpdateRoleDto:<init>
163208757483,TYPE,src/shared/context/roles/domain/roles.service.ts::program,:program,src/shared/context/roles/domain/roles.service.ts::program
163208757484,TYPE,src/shared/context/roles/domain/roles.service.ts::program:RolesService,RolesService,src/shared/context/roles/domain/roles.service.ts::program:RolesService
163208757485,TYPE,src/shared/context/roles/domain/roles.service.ts::program:RolesService:<init>,<init>,src/shared/context/roles/domain/roles.service.ts::program:RolesService:<init>
163208757486,TYPE,src/shared/context/roles/domain/roles.service.ts::program:RolesService:create,create,src/shared/context/roles/domain/roles.service.ts::program:RolesService:create
163208757487,TYPE,src/shared/context/roles/domain/roles.service.ts::program:RolesService:findAll,findAll,src/shared/context/roles/domain/roles.service.ts::program:RolesService:findAll
163208757488,TYPE,src/shared/context/roles/domain/roles.service.ts::program:RolesService:findByMany,findByMany,src/shared/context/roles/domain/roles.service.ts::program:RolesService:findByMany
163208757489,TYPE,src/shared/context/roles/domain/roles.service.ts::program:RolesService:findByMany:<lambda>0,<lambda>0,src/shared/context/roles/domain/roles.service.ts::program:RolesService:findByMany:<lambda>0
163208757490,TYPE,src/shared/context/roles/domain/roles.service.ts::program:RolesService:findByMany:<lambda>1,<lambda>1,src/shared/context/roles/domain/roles.service.ts::program:RolesService:findByMany:<lambda>1
163208757491,TYPE,src/shared/context/roles/domain/roles.service.ts::program:RolesService:findOne,findOne,src/shared/context/roles/domain/roles.service.ts::program:RolesService:findOne
163208757492,TYPE,src/shared/context/roles/domain/roles.service.ts::program:RolesService:remove,remove,src/shared/context/roles/domain/roles.service.ts::program:RolesService:remove
163208757493,TYPE,src/shared/context/roles/domain/roles.service.ts::program:RolesService:update,update,src/shared/context/roles/domain/roles.service.ts::program:RolesService:update
163208757494,TYPE,src/shared/context/tenant-role-aliases/dto/assign-tenant-role-alias.dto.ts::program,:program,src/shared/context/tenant-role-aliases/dto/assign-tenant-role-alias.dto.ts::program
163208757495,TYPE,src/shared/context/tenant-role-aliases/dto/assign-tenant-role-alias.dto.ts::program:AssignTenantRoleAliasDto,AssignTenantRoleAliasDto,src/shared/context/tenant-role-aliases/dto/assign-tenant-role-alias.dto.ts::program:AssignTenantRoleAliasDto
163208757496,TYPE,src/shared/context/tenant-role-aliases/dto/assign-tenant-role-alias.dto.ts::program:AssignTenantRoleAliasDto:<init>,<init>,src/shared/context/tenant-role-aliases/dto/assign-tenant-role-alias.dto.ts::program:AssignTenantRoleAliasDto:<init>
163208757497,TYPE,src/shared/context/tenant-role-aliases/dto/create-tenant-role-aliases.dto.ts::program,:program,src/shared/context/tenant-role-aliases/dto/create-tenant-role-aliases.dto.ts::program
163208757498,TYPE,src/shared/context/tenant-role-aliases/dto/create-tenant-role-aliases.dto.ts::program:CreateTenantRoleAliasDto,CreateTenantRoleAliasDto,src/shared/context/tenant-role-aliases/dto/create-tenant-role-aliases.dto.ts::program:CreateTenantRoleAliasDto
163208757499,TYPE,src/shared/context/tenant-role-aliases/dto/create-tenant-role-aliases.dto.ts::program:CreateTenantRoleAliasDto:<init>,<init>,src/shared/context/tenant-role-aliases/dto/create-tenant-role-aliases.dto.ts::program:CreateTenantRoleAliasDto:<init>
163208757500,TYPE,src/shared/context/tenant-role-aliases/dto/find-tenant-role-alias.dto.ts::program,:program,src/shared/context/tenant-role-aliases/dto/find-tenant-role-alias.dto.ts::program
163208757501,TYPE,src/shared/context/tenant-role-aliases/dto/find-tenant-role-alias.dto.ts::program:FindTenantRoleAliasDto,FindTenantRoleAliasDto,src/shared/context/tenant-role-aliases/dto/find-tenant-role-alias.dto.ts::program:FindTenantRoleAliasDto
163208757502,TYPE,src/shared/context/tenant-role-aliases/dto/find-tenant-role-alias.dto.ts::program:FindTenantRoleAliasDto:<init>,<init>,src/shared/context/tenant-role-aliases/dto/find-tenant-role-alias.dto.ts::program:FindTenantRoleAliasDto:<init>
163208757503,TYPE,src/shared/context/tenant-role-aliases/dto/tenant-role-alias.dto.ts::program,:program,src/shared/context/tenant-role-aliases/dto/tenant-role-alias.dto.ts::program
163208757504,TYPE,src/shared/context/tenant-role-aliases/dto/tenant-role-alias.dto.ts::program:TenantRoleAliasDto,TenantRoleAliasDto,src/shared/context/tenant-role-aliases/dto/tenant-role-alias.dto.ts::program:TenantRoleAliasDto
163208757505,TYPE,src/shared/context/tenant-role-aliases/dto/tenant-role-alias.dto.ts::program:TenantRoleAliasDto:<init>,<init>,src/shared/context/tenant-role-aliases/dto/tenant-role-alias.dto.ts::program:TenantRoleAliasDto:<init>
163208757506,TYPE,src/shared/context/tenant-role-aliases/dto/update-tenant-role-alias.dto.ts::program,:program,src/shared/context/tenant-role-aliases/dto/update-tenant-role-alias.dto.ts::program
163208757507,TYPE,src/shared/context/tenant-role-aliases/dto/update-tenant-role-alias.dto.ts::program:UpdateTenantRoleAliasDto,UpdateTenantRoleAliasDto,src/shared/context/tenant-role-aliases/dto/update-tenant-role-alias.dto.ts::program:UpdateTenantRoleAliasDto
163208757508,TYPE,src/shared/context/tenant-role-aliases/dto/update-tenant-role-alias.dto.ts::program:UpdateTenantRoleAliasDto:<init>,<init>,src/shared/context/tenant-role-aliases/dto/update-tenant-role-alias.dto.ts::program:UpdateTenantRoleAliasDto:<init>
163208757509,TYPE,src/shared/context/tenant-role-aliases/tenant-role-aliases.service.ts::program,:program,src/shared/context/tenant-role-aliases/tenant-role-aliases.service.ts::program
163208757510,TYPE,src/shared/context/tenant-role-aliases/tenant-role-aliases.service.ts::program:TenantRoleAliasesService,TenantRoleAliasesService,src/shared/context/tenant-role-aliases/tenant-role-aliases.service.ts::program:TenantRoleAliasesService
163208757511,TYPE,src/shared/context/tenant-role-aliases/tenant-role-aliases.service.ts::program:TenantRoleAliasesService:<init>,<init>,src/shared/context/tenant-role-aliases/tenant-role-aliases.service.ts::program:TenantRoleAliasesService:<init>
163208757512,TYPE,src/shared/context/tenant-role-aliases/tenant-role-aliases.service.ts::program:TenantRoleAliasesService:assignToRoleAlias,assignToRoleAlias,src/shared/context/tenant-role-aliases/tenant-role-aliases.service.ts::program:TenantRoleAliasesService:assignToRoleAlias
163208757513,TYPE,src/shared/context/tenant-role-aliases/tenant-role-aliases.service.ts::program:TenantRoleAliasesService:assignToRoleAlias:<anon-class>3,<anon-class>3,src/shared/context/tenant-role-aliases/tenant-role-aliases.service.ts::program:TenantRoleAliasesService:assignToRoleAlias:<anon-class>3
163208757514,TYPE,src/shared/context/tenant-role-aliases/tenant-role-aliases.service.ts::program:TenantRoleAliasesService:assignToRoleAlias:<lambda>0,<lambda>0,src/shared/context/tenant-role-aliases/tenant-role-aliases.service.ts::program:TenantRoleAliasesService:assignToRoleAlias:<lambda>0
163208757515,TYPE,src/shared/context/tenant-role-aliases/tenant-role-aliases.service.ts::program:TenantRoleAliasesService:assignToRoleAlias:AssignTenantRoleAliasDto,AssignTenantRoleAliasDto,src/shared/context/tenant-role-aliases/tenant-role-aliases.service.ts::program:TenantRoleAliasesService:assignToRoleAlias:AssignTenantRoleAliasDto
163208757516,TYPE,src/shared/context/tenant-role-aliases/tenant-role-aliases.service.ts::program:TenantRoleAliasesService:create,create,src/shared/context/tenant-role-aliases/tenant-role-aliases.service.ts::program:TenantRoleAliasesService:create
163208757517,TYPE,src/shared/context/tenant-role-aliases/tenant-role-aliases.service.ts::program:TenantRoleAliasesService:create:<anon-class>0,<anon-class>0,src/shared/context/tenant-role-aliases/tenant-role-aliases.service.ts::program:TenantRoleAliasesService:create:<anon-class>0
163208757518,TYPE,src/shared/context/tenant-role-aliases/tenant-role-aliases.service.ts::program:TenantRoleAliasesService:create:CreateTenantRoleAliasDto,CreateTenantRoleAliasDto,src/shared/context/tenant-role-aliases/tenant-role-aliases.service.ts::program:TenantRoleAliasesService:create:CreateTenantRoleAliasDto
163208757519,TYPE,src/shared/context/tenant-role-aliases/tenant-role-aliases.service.ts::program:TenantRoleAliasesService:findAll,findAll,src/shared/context/tenant-role-aliases/tenant-role-aliases.service.ts::program:TenantRoleAliasesService:findAll
163208757520,TYPE,src/shared/context/tenant-role-aliases/tenant-role-aliases.service.ts::program:TenantRoleAliasesService:findByMany,findByMany,src/shared/context/tenant-role-aliases/tenant-role-aliases.service.ts::program:TenantRoleAliasesService:findByMany
163208757521,TYPE,src/shared/context/tenant-role-aliases/tenant-role-aliases.service.ts::program:TenantRoleAliasesService:findByMany:<anon-class>1,<anon-class>1,src/shared/context/tenant-role-aliases/tenant-role-aliases.service.ts::program:TenantRoleAliasesService:findByMany:<anon-class>1
163208757522,TYPE,src/shared/context/tenant-role-aliases/tenant-role-aliases.service.ts::program:TenantRoleAliasesService:findByMany:FindTenantRoleAliasDto,FindTenantRoleAliasDto,src/shared/context/tenant-role-aliases/tenant-role-aliases.service.ts::program:TenantRoleAliasesService:findByMany:FindTenantRoleAliasDto
163208757523,TYPE,src/shared/context/tenant-role-aliases/tenant-role-aliases.service.ts::program:TenantRoleAliasesService:findOne,findOne,src/shared/context/tenant-role-aliases/tenant-role-aliases.service.ts::program:TenantRoleAliasesService:findOne
163208757524,TYPE,src/shared/context/tenant-role-aliases/tenant-role-aliases.service.ts::program:TenantRoleAliasesService:remove,remove,src/shared/context/tenant-role-aliases/tenant-role-aliases.service.ts::program:TenantRoleAliasesService:remove
163208757525,TYPE,src/shared/context/tenant-role-aliases/tenant-role-aliases.service.ts::program:TenantRoleAliasesService:update,update,src/shared/context/tenant-role-aliases/tenant-role-aliases.service.ts::program:TenantRoleAliasesService:update
163208757526,TYPE,src/shared/context/tenant-role-aliases/tenant-role-aliases.service.ts::program:TenantRoleAliasesService:update:<anon-class>2,<anon-class>2,src/shared/context/tenant-role-aliases/tenant-role-aliases.service.ts::program:TenantRoleAliasesService:update:<anon-class>2
163208757527,TYPE,src/shared/context/tenant-role-aliases/tenant-role-aliases.service.ts::program:TenantRoleAliasesService:update:UpdateTenantRoleAliasDto,UpdateTenantRoleAliasDto,src/shared/context/tenant-role-aliases/tenant-role-aliases.service.ts::program:TenantRoleAliasesService:update:UpdateTenantRoleAliasDto
163208757528,TYPE,src/shared/context/tenants/domain/dto/create-tenant.dto.ts::program,:program,src/shared/context/tenants/domain/dto/create-tenant.dto.ts::program
163208757529,TYPE,src/shared/context/tenants/domain/dto/create-tenant.dto.ts::program:CreateTenantDto,CreateTenantDto,src/shared/context/tenants/domain/dto/create-tenant.dto.ts::program:CreateTenantDto
163208757530,TYPE,src/shared/context/tenants/domain/dto/create-tenant.dto.ts::program:CreateTenantDto:<init>,<init>,src/shared/context/tenants/domain/dto/create-tenant.dto.ts::program:CreateTenantDto:<init>
163208757531,TYPE,src/shared/context/tenants/domain/dto/find-tenant.dto.ts::program,:program,src/shared/context/tenants/domain/dto/find-tenant.dto.ts::program
163208757532,TYPE,src/shared/context/tenants/domain/dto/find-tenant.dto.ts::program:FindTenantDto,FindTenantDto,src/shared/context/tenants/domain/dto/find-tenant.dto.ts::program:FindTenantDto
163208757533,TYPE,src/shared/context/tenants/domain/dto/find-tenant.dto.ts::program:FindTenantDto:<init>,<init>,src/shared/context/tenants/domain/dto/find-tenant.dto.ts::program:FindTenantDto:<init>
163208757534,TYPE,src/shared/context/tenants/domain/dto/tenant.dto.ts::program,:program,src/shared/context/tenants/domain/dto/tenant.dto.ts::program
163208757535,TYPE,src/shared/context/tenants/domain/dto/tenant.dto.ts::program:TenantDto,TenantDto,src/shared/context/tenants/domain/dto/tenant.dto.ts::program:TenantDto
163208757536,TYPE,src/shared/context/tenants/domain/dto/tenant.dto.ts::program:TenantDto:<init>,<init>,src/shared/context/tenants/domain/dto/tenant.dto.ts::program:TenantDto:<init>
163208757537,TYPE,src/shared/context/tenants/domain/dto/update-tenant.dto.ts::program,:program,src/shared/context/tenants/domain/dto/update-tenant.dto.ts::program
163208757538,TYPE,src/shared/context/tenants/domain/dto/update-tenant.dto.ts::program:UpdateTenantDto,UpdateTenantDto,src/shared/context/tenants/domain/dto/update-tenant.dto.ts::program:UpdateTenantDto
163208757539,TYPE,src/shared/context/tenants/domain/dto/update-tenant.dto.ts::program:UpdateTenantDto:<init>,<init>,src/shared/context/tenants/domain/dto/update-tenant.dto.ts::program:UpdateTenantDto:<init>
163208757540,TYPE,src/shared/context/tenants/domain/tenants.service.ts::program,:program,src/shared/context/tenants/domain/tenants.service.ts::program
163208757541,TYPE,src/shared/context/tenants/domain/tenants.service.ts::program:TenantsService,TenantsService,src/shared/context/tenants/domain/tenants.service.ts::program:TenantsService
163208757542,TYPE,src/shared/context/tenants/domain/tenants.service.ts::program:TenantsService:<init>,<init>,src/shared/context/tenants/domain/tenants.service.ts::program:TenantsService:<init>
163208757543,TYPE,src/shared/context/tenants/domain/tenants.service.ts::program:TenantsService:create,create,src/shared/context/tenants/domain/tenants.service.ts::program:TenantsService:create
163208757544,TYPE,src/shared/context/tenants/domain/tenants.service.ts::program:TenantsService:findAll,findAll,src/shared/context/tenants/domain/tenants.service.ts::program:TenantsService:findAll
163208757545,TYPE,src/shared/context/tenants/domain/tenants.service.ts::program:TenantsService:findByIds,findByIds,src/shared/context/tenants/domain/tenants.service.ts::program:TenantsService:findByIds
163208757546,TYPE,src/shared/context/tenants/domain/tenants.service.ts::program:TenantsService:findByMany,findByMany,src/shared/context/tenants/domain/tenants.service.ts::program:TenantsService:findByMany
163208757547,TYPE,src/shared/context/tenants/domain/tenants.service.ts::program:TenantsService:findByMany:<lambda>0,<lambda>0,src/shared/context/tenants/domain/tenants.service.ts::program:TenantsService:findByMany:<lambda>0
163208757548,TYPE,src/shared/context/tenants/domain/tenants.service.ts::program:TenantsService:findByMany:<lambda>1,<lambda>1,src/shared/context/tenants/domain/tenants.service.ts::program:TenantsService:findByMany:<lambda>1
163208757549,TYPE,src/shared/context/tenants/domain/tenants.service.ts::program:TenantsService:findOne,findOne,src/shared/context/tenants/domain/tenants.service.ts::program:TenantsService:findOne
163208757550,TYPE,src/shared/context/tenants/domain/tenants.service.ts::program:TenantsService:remove,remove,src/shared/context/tenants/domain/tenants.service.ts::program:TenantsService:remove
163208757551,TYPE,src/shared/context/tenants/domain/tenants.service.ts::program:TenantsService:update,update,src/shared/context/tenants/domain/tenants.service.ts::program:TenantsService:update
163208757552,TYPE,src/shared/context/tenants/stubs/tenants.stub.ts::program,:program,src/shared/context/tenants/stubs/tenants.stub.ts::program
163208757553,TYPE,src/shared/context/user-role-by-tenants/dto/create-user-role-by-tenants.dto.ts::program,:program,src/shared/context/user-role-by-tenants/dto/create-user-role-by-tenants.dto.ts::program
163208757554,TYPE,src/shared/context/user-role-by-tenants/dto/create-user-role-by-tenants.dto.ts::program:CreateUserRoleByTenantsDto,CreateUserRoleByTenantsDto,src/shared/context/user-role-by-tenants/dto/create-user-role-by-tenants.dto.ts::program:CreateUserRoleByTenantsDto
163208757555,TYPE,src/shared/context/user-role-by-tenants/dto/create-user-role-by-tenants.dto.ts::program:CreateUserRoleByTenantsDto:<init>,<init>,src/shared/context/user-role-by-tenants/dto/create-user-role-by-tenants.dto.ts::program:CreateUserRoleByTenantsDto:<init>
163208757556,TYPE,src/shared/context/user-role-by-tenants/dto/find-user-role-by-tenants.dto.ts::program,:program,src/shared/context/user-role-by-tenants/dto/find-user-role-by-tenants.dto.ts::program
163208757557,TYPE,src/shared/context/user-role-by-tenants/dto/find-user-role-by-tenants.dto.ts::program:FindUserRoleByTenantsDto,FindUserRoleByTenantsDto,src/shared/context/user-role-by-tenants/dto/find-user-role-by-tenants.dto.ts::program:FindUserRoleByTenantsDto
163208757558,TYPE,src/shared/context/user-role-by-tenants/dto/find-user-role-by-tenants.dto.ts::program:FindUserRoleByTenantsDto:<init>,<init>,src/shared/context/user-role-by-tenants/dto/find-user-role-by-tenants.dto.ts::program:FindUserRoleByTenantsDto:<init>
163208757559,TYPE,src/shared/context/user-role-by-tenants/dto/update-user-role-by-tenants.dto.ts::program,:program,src/shared/context/user-role-by-tenants/dto/update-user-role-by-tenants.dto.ts::program
163208757560,TYPE,src/shared/context/user-role-by-tenants/dto/update-user-role-by-tenants.dto.ts::program:UpdateUserRoleByTenantsDto,UpdateUserRoleByTenantsDto,src/shared/context/user-role-by-tenants/dto/update-user-role-by-tenants.dto.ts::program:UpdateUserRoleByTenantsDto
163208757561,TYPE,src/shared/context/user-role-by-tenants/dto/update-user-role-by-tenants.dto.ts::program:UpdateUserRoleByTenantsDto:<init>,<init>,src/shared/context/user-role-by-tenants/dto/update-user-role-by-tenants.dto.ts::program:UpdateUserRoleByTenantsDto:<init>
163208757562,TYPE,src/shared/context/user-role-by-tenants/dto/user-role-by-tenants.dto.ts::program,:program,src/shared/context/user-role-by-tenants/dto/user-role-by-tenants.dto.ts::program
163208757563,TYPE,src/shared/context/user-role-by-tenants/dto/user-role-by-tenants.dto.ts::program:UserRoleByTenantsDto,UserRoleByTenantsDto,src/shared/context/user-role-by-tenants/dto/user-role-by-tenants.dto.ts::program:UserRoleByTenantsDto
163208757564,TYPE,src/shared/context/user-role-by-tenants/dto/user-role-by-tenants.dto.ts::program:UserRoleByTenantsDto:<init>,<init>,src/shared/context/user-role-by-tenants/dto/user-role-by-tenants.dto.ts::program:UserRoleByTenantsDto:<init>
163208757565,TYPE,src/shared/context/user-role-by-tenants/user-role-by-tenants.service.ts::program,:program,src/shared/context/user-role-by-tenants/user-role-by-tenants.service.ts::program
163208757566,TYPE,src/shared/context/user-role-by-tenants/user-role-by-tenants.service.ts::program:UserRoleByTenantsService,UserRoleByTenantsService,src/shared/context/user-role-by-tenants/user-role-by-tenants.service.ts::program:UserRoleByTenantsService
163208757567,TYPE,src/shared/context/user-role-by-tenants/user-role-by-tenants.service.ts::program:UserRoleByTenantsService:<init>,<init>,src/shared/context/user-role-by-tenants/user-role-by-tenants.service.ts::program:UserRoleByTenantsService:<init>
163208757568,TYPE,src/shared/context/user-role-by-tenants/user-role-by-tenants.service.ts::program:UserRoleByTenantsService:<init>:<lambda>0,<lambda>0,src/shared/context/user-role-by-tenants/user-role-by-tenants.service.ts::program:UserRoleByTenantsService:<init>:<lambda>0
163208757569,TYPE,src/shared/context/user-role-by-tenants/user-role-by-tenants.service.ts::program:UserRoleByTenantsService:<init>:<lambda>1,<lambda>1,src/shared/context/user-role-by-tenants/user-role-by-tenants.service.ts::program:UserRoleByTenantsService:<init>:<lambda>1
163208757570,TYPE,src/shared/context/user-role-by-tenants/user-role-by-tenants.service.ts::program:UserRoleByTenantsService:<init>:<lambda>2,<lambda>2,src/shared/context/user-role-by-tenants/user-role-by-tenants.service.ts::program:UserRoleByTenantsService:<init>:<lambda>2
163208757571,TYPE,src/shared/context/user-role-by-tenants/user-role-by-tenants.service.ts::program:UserRoleByTenantsService:<init>:<lambda>3,<lambda>3,src/shared/context/user-role-by-tenants/user-role-by-tenants.service.ts::program:UserRoleByTenantsService:<init>:<lambda>3
163208757572,TYPE,src/shared/context/user-role-by-tenants/user-role-by-tenants.service.ts::program:UserRoleByTenantsService:create,create,src/shared/context/user-role-by-tenants/user-role-by-tenants.service.ts::program:UserRoleByTenantsService:create
163208757573,TYPE,src/shared/context/user-role-by-tenants/user-role-by-tenants.service.ts::program:UserRoleByTenantsService:create:<anon-class>0,<anon-class>0,src/shared/context/user-role-by-tenants/user-role-by-tenants.service.ts::program:UserRoleByTenantsService:create:<anon-class>0
163208757574,TYPE,src/shared/context/user-role-by-tenants/user-role-by-tenants.service.ts::program:UserRoleByTenantsService:create:<lambda>4,<lambda>4,src/shared/context/user-role-by-tenants/user-role-by-tenants.service.ts::program:UserRoleByTenantsService:create:<lambda>4
163208757575,TYPE,src/shared/context/user-role-by-tenants/user-role-by-tenants.service.ts::program:UserRoleByTenantsService:create:CreateUserRoleByTenantsDto,CreateUserRoleByTenantsDto,src/shared/context/user-role-by-tenants/user-role-by-tenants.service.ts::program:UserRoleByTenantsService:create:CreateUserRoleByTenantsDto
163208757576,TYPE,src/shared/context/user-role-by-tenants/user-role-by-tenants.service.ts::program:UserRoleByTenantsService:findAll,findAll,src/shared/context/user-role-by-tenants/user-role-by-tenants.service.ts::program:UserRoleByTenantsService:findAll
163208757577,TYPE,src/shared/context/user-role-by-tenants/user-role-by-tenants.service.ts::program:UserRoleByTenantsService:findByMany,findByMany,src/shared/context/user-role-by-tenants/user-role-by-tenants.service.ts::program:UserRoleByTenantsService:findByMany
163208757578,TYPE,src/shared/context/user-role-by-tenants/user-role-by-tenants.service.ts::program:UserRoleByTenantsService:findByMany:<anon-class>1,<anon-class>1,src/shared/context/user-role-by-tenants/user-role-by-tenants.service.ts::program:UserRoleByTenantsService:findByMany:<anon-class>1
163208757579,TYPE,src/shared/context/user-role-by-tenants/user-role-by-tenants.service.ts::program:UserRoleByTenantsService:findByMany:FindUserRoleByTenantsDto,FindUserRoleByTenantsDto,src/shared/context/user-role-by-tenants/user-role-by-tenants.service.ts::program:UserRoleByTenantsService:findByMany:FindUserRoleByTenantsDto
163208757580,TYPE,src/shared/context/user-role-by-tenants/user-role-by-tenants.service.ts::program:UserRoleByTenantsService:remove,remove,src/shared/context/user-role-by-tenants/user-role-by-tenants.service.ts::program:UserRoleByTenantsService:remove
163208757581,TYPE,src/shared/context/user-role-by-tenants/user-role-by-tenants.service.ts::program:UserRoleByTenantsService:update,update,src/shared/context/user-role-by-tenants/user-role-by-tenants.service.ts::program:UserRoleByTenantsService:update
163208757582,TYPE,src/shared/context/user-role-by-tenants/user-role-by-tenants.service.ts::program:UserRoleByTenantsService:update:<anon-class>2,<anon-class>2,src/shared/context/user-role-by-tenants/user-role-by-tenants.service.ts::program:UserRoleByTenantsService:update:<anon-class>2
163208757583,TYPE,src/shared/context/user-role-by-tenants/user-role-by-tenants.service.ts::program:UserRoleByTenantsService:update:<lambda>5,<lambda>5,src/shared/context/user-role-by-tenants/user-role-by-tenants.service.ts::program:UserRoleByTenantsService:update:<lambda>5
163208757584,TYPE,src/shared/context/user-role-by-tenants/user-role-by-tenants.service.ts::program:UserRoleByTenantsService:update:<lambda>6,<lambda>6,src/shared/context/user-role-by-tenants/user-role-by-tenants.service.ts::program:UserRoleByTenantsService:update:<lambda>6
163208757585,TYPE,src/shared/context/user-role-by-tenants/user-role-by-tenants.service.ts::program:UserRoleByTenantsService:update:UpdateUserRoleByTenantsDto,UpdateUserRoleByTenantsDto,src/shared/context/user-role-by-tenants/user-role-by-tenants.service.ts::program:UserRoleByTenantsService:update:UpdateUserRoleByTenantsDto
163208757586,TYPE,src/shared/context/users/domain/dto/create-user.dto.ts::program,:program,src/shared/context/users/domain/dto/create-user.dto.ts::program
163208757587,TYPE,src/shared/context/users/domain/dto/create-user.dto.ts::program:CreateUserDto,CreateUserDto,src/shared/context/users/domain/dto/create-user.dto.ts::program:CreateUserDto
163208757588,TYPE,src/shared/context/users/domain/dto/create-user.dto.ts::program:CreateUserDto:<init>,<init>,src/shared/context/users/domain/dto/create-user.dto.ts::program:CreateUserDto:<init>
163208757589,TYPE,src/shared/context/users/domain/dto/find-user.dto.ts::program,:program,src/shared/context/users/domain/dto/find-user.dto.ts::program
163208757590,TYPE,src/shared/context/users/domain/dto/find-user.dto.ts::program:FindUserDto,FindUserDto,src/shared/context/users/domain/dto/find-user.dto.ts::program:FindUserDto
163208757591,TYPE,src/shared/context/users/domain/dto/find-user.dto.ts::program:FindUserDto:<init>,<init>,src/shared/context/users/domain/dto/find-user.dto.ts::program:FindUserDto:<init>
163208757592,TYPE,src/shared/context/users/domain/dto/update-user.dto.ts::program,:program,src/shared/context/users/domain/dto/update-user.dto.ts::program
163208757593,TYPE,src/shared/context/users/domain/dto/update-user.dto.ts::program:UpdateUserDto,UpdateUserDto,src/shared/context/users/domain/dto/update-user.dto.ts::program:UpdateUserDto
163208757594,TYPE,src/shared/context/users/domain/dto/update-user.dto.ts::program:UpdateUserDto:<init>,<init>,src/shared/context/users/domain/dto/update-user.dto.ts::program:UpdateUserDto:<init>
163208757595,TYPE,src/shared/context/users/domain/dto/user.dto.ts::program,:program,src/shared/context/users/domain/dto/user.dto.ts::program
163208757596,TYPE,src/shared/context/users/domain/dto/user.dto.ts::program:UserDto,UserDto,src/shared/context/users/domain/dto/user.dto.ts::program:UserDto
163208757597,TYPE,src/shared/context/users/domain/dto/user.dto.ts::program:UserDto:<init>,<init>,src/shared/context/users/domain/dto/user.dto.ts::program:UserDto:<init>
163208757598,TYPE,src/shared/context/users/domain/stubs/user.stub.ts::program,:program,src/shared/context/users/domain/stubs/user.stub.ts::program
163208757599,TYPE,src/shared/context/users/domain/user-verification.service.ts::program,:program,src/shared/context/users/domain/user-verification.service.ts::program
163208757600,TYPE,src/shared/context/users/domain/user-verification.service.ts::program:UserVerificationService,UserVerificationService,src/shared/context/users/domain/user-verification.service.ts::program:UserVerificationService
163208757601,TYPE,src/shared/context/users/domain/user-verification.service.ts::program:UserVerificationService:<init>,<init>,src/shared/context/users/domain/user-verification.service.ts::program:UserVerificationService:<init>
163208757602,TYPE,src/shared/context/users/domain/user-verification.service.ts::program:UserVerificationService:sendMfaAttemptEmail,sendMfaAttemptEmail,src/shared/context/users/domain/user-verification.service.ts::program:UserVerificationService:sendMfaAttemptEmail
163208757603,TYPE,src/shared/context/users/domain/user-verification.service.ts::program:UserVerificationService:sendMfaSuccessEmail,sendMfaSuccessEmail,src/shared/context/users/domain/user-verification.service.ts::program:UserVerificationService:sendMfaSuccessEmail
163208757604,TYPE,src/shared/context/users/domain/user-verification.service.ts::program:UserVerificationService:sendVerificationEmail,sendVerificationEmail,src/shared/context/users/domain/user-verification.service.ts::program:UserVerificationService:sendVerificationEmail
163208757605,TYPE,src/shared/context/users/domain/user-verification.service.ts::program:UserVerificationService:sendVerificationEmail:<lambda>0,<lambda>0,src/shared/context/users/domain/user-verification.service.ts::program:UserVerificationService:sendVerificationEmail:<lambda>0
163208757606,TYPE,src/shared/context/users/domain/user-verification.service.ts::program:UserVerificationService:verifyUser,verifyUser,src/shared/context/users/domain/user-verification.service.ts::program:UserVerificationService:verifyUser
163208757607,TYPE,src/shared/context/users/domain/users.service.ts::program,:program,src/shared/context/users/domain/users.service.ts::program
163208757608,TYPE,src/shared/context/users/domain/users.service.ts::program:UsersService,UsersService,src/shared/context/users/domain/users.service.ts::program:UsersService
163208757609,TYPE,src/shared/context/users/domain/users.service.ts::program:UsersService:<init>,<init>,src/shared/context/users/domain/users.service.ts::program:UsersService:<init>
163208757610,TYPE,src/shared/context/users/domain/users.service.ts::program:UsersService:<init>:<lambda>0,<lambda>0,src/shared/context/users/domain/users.service.ts::program:UsersService:<init>:<lambda>0
163208757611,TYPE,src/shared/context/users/domain/users.service.ts::program:UsersService:create,create,src/shared/context/users/domain/users.service.ts::program:UsersService:create
163208757612,TYPE,src/shared/context/users/domain/users.service.ts::program:UsersService:findAll,findAll,src/shared/context/users/domain/users.service.ts::program:UsersService:findAll
163208757613,TYPE,src/shared/context/users/domain/users.service.ts::program:UsersService:findByMany,findByMany,src/shared/context/users/domain/users.service.ts::program:UsersService:findByMany
163208757614,TYPE,src/shared/context/users/domain/users.service.ts::program:UsersService:findByMany:<lambda>1,<lambda>1,src/shared/context/users/domain/users.service.ts::program:UsersService:findByMany:<lambda>1
163208757615,TYPE,src/shared/context/users/domain/users.service.ts::program:UsersService:findByMany:<lambda>2,<lambda>2,src/shared/context/users/domain/users.service.ts::program:UsersService:findByMany:<lambda>2
163208757616,TYPE,src/shared/context/users/domain/users.service.ts::program:UsersService:findByMany:<lambda>3,<lambda>3,src/shared/context/users/domain/users.service.ts::program:UsersService:findByMany:<lambda>3
163208757617,TYPE,src/shared/context/users/domain/users.service.ts::program:UsersService:findByRecordTypeAccess,findByRecordTypeAccess,src/shared/context/users/domain/users.service.ts::program:UsersService:findByRecordTypeAccess
163208757618,TYPE,src/shared/context/users/domain/users.service.ts::program:UsersService:findByRecordTypeAccess:<lambda>11,<lambda>11,src/shared/context/users/domain/users.service.ts::program:UsersService:findByRecordTypeAccess:<lambda>11
163208757619,TYPE,src/shared/context/users/domain/users.service.ts::program:UsersService:findByRecordTypeAccess:<lambda>8,<lambda>8,src/shared/context/users/domain/users.service.ts::program:UsersService:findByRecordTypeAccess:<lambda>8
163208757620,TYPE,src/shared/context/users/domain/users.service.ts::program:UsersService:findByRecordTypeAccess:<lambda>9,<lambda>9,src/shared/context/users/domain/users.service.ts::program:UsersService:findByRecordTypeAccess:<lambda>9
163208757621,TYPE,src/shared/context/users/domain/users.service.ts::program:UsersService:findByRecordTypeAccess:<lambda>9:<lambda>10,<lambda>10,src/shared/context/users/domain/users.service.ts::program:UsersService:findByRecordTypeAccess:<lambda>9:<lambda>10
163208757622,TYPE,src/shared/context/users/domain/users.service.ts::program:UsersService:findOne,findOne,src/shared/context/users/domain/users.service.ts::program:UsersService:findOne
163208757623,TYPE,src/shared/context/users/domain/users.service.ts::program:UsersService:remove,remove,src/shared/context/users/domain/users.service.ts::program:UsersService:remove
163208757624,TYPE,src/shared/context/users/domain/users.service.ts::program:UsersService:resendVerification,resendVerification,src/shared/context/users/domain/users.service.ts::program:UsersService:resendVerification
163208757625,TYPE,src/shared/context/users/domain/users.service.ts::program:UsersService:resendVerification:<lambda>12,<lambda>12,src/shared/context/users/domain/users.service.ts::program:UsersService:resendVerification:<lambda>12
163208757626,TYPE,src/shared/context/users/domain/users.service.ts::program:UsersService:sendMfaAttemptEmail,sendMfaAttemptEmail,src/shared/context/users/domain/users.service.ts::program:UsersService:sendMfaAttemptEmail
163208757627,TYPE,src/shared/context/users/domain/users.service.ts::program:UsersService:sendMfaSuccessEmail,sendMfaSuccessEmail,src/shared/context/users/domain/users.service.ts::program:UsersService:sendMfaSuccessEmail
163208757628,TYPE,src/shared/context/users/domain/users.service.ts::program:UsersService:update,update,src/shared/context/users/domain/users.service.ts::program:UsersService:update
163208757629,TYPE,src/shared/context/users/domain/users.service.ts::program:UsersService:update:<lambda>4,<lambda>4,src/shared/context/users/domain/users.service.ts::program:UsersService:update:<lambda>4
163208757630,TYPE,src/shared/context/users/domain/users.service.ts::program:UsersService:update:<lambda>4:<lambda>5,<lambda>5,src/shared/context/users/domain/users.service.ts::program:UsersService:update:<lambda>4:<lambda>5
163208757631,TYPE,src/shared/context/users/domain/users.service.ts::program:UsersService:update:<lambda>6,<lambda>6,src/shared/context/users/domain/users.service.ts::program:UsersService:update:<lambda>6
163208757632,TYPE,src/shared/context/users/domain/users.service.ts::program:UsersService:update:<lambda>6:<lambda>7,<lambda>7,src/shared/context/users/domain/users.service.ts::program:UsersService:update:<lambda>6:<lambda>7
163208757633,TYPE,src/shared/dataTypes/Enums.ts::program,:program,src/shared/dataTypes/Enums.ts::program
163208757634,TYPE,src/shared/dataTypes/Enums.ts::program:FieldAccessEnum,FieldAccessEnum,src/shared/dataTypes/Enums.ts::program:FieldAccessEnum
163208757635,TYPE,src/shared/dataTypes/Enums.ts::program:IssuerEnum,IssuerEnum,src/shared/dataTypes/Enums.ts::program:IssuerEnum
163208757636,TYPE,src/shared/dataTypes/MyContext.ts::program,:program,src/shared/dataTypes/MyContext.ts::program
163208757637,TYPE,src/shared/dataTypes/MyContext.ts::program:ContextPayload,ContextPayload,src/shared/dataTypes/MyContext.ts::program:ContextPayload
163208757638,TYPE,src/shared/dataTypes/MyContext.ts::program:MyContext,MyContext,src/shared/dataTypes/MyContext.ts::program:MyContext
163208757639,TYPE,src/shared/dataTypes/MyContext.ts::program:MyContext:<init>,<init>,src/shared/dataTypes/MyContext.ts::program:MyContext:<init>
163208757640,TYPE,src/shared/dataTypes/MyContext.ts::program:TenantData,TenantData,src/shared/dataTypes/MyContext.ts::program:TenantData
163208757641,TYPE,src/shared/dataTypes/MyContext.ts::program:TenantTypeData,TenantTypeData,src/shared/dataTypes/MyContext.ts::program:TenantTypeData
163208757642,TYPE,src/shared/dataTypes/Options.ts::program,:program,src/shared/dataTypes/Options.ts::program
163208757643,TYPE,src/shared/dataTypes/Options.ts::program:Options,Options,src/shared/dataTypes/Options.ts::program:Options
163208757644,TYPE,src/shared/dataTypes/Options.ts::program:Options:<init>,<init>,src/shared/dataTypes/Options.ts::program:Options:<init>
163208757645,TYPE,src/shared/dataTypes/PostgreSQLConfig.ts::program,:program,src/shared/dataTypes/PostgreSQLConfig.ts::program
163208757646,TYPE,src/shared/dataTypes/PostgreSQLConfig.ts::program:PostgreSQLConfig,PostgreSQLConfig,src/shared/dataTypes/PostgreSQLConfig.ts::program:PostgreSQLConfig
163208757647,TYPE,src/shared/dataTypes/RoleInTenant.DataType.ts::program,:program,src/shared/dataTypes/RoleInTenant.DataType.ts::program
163208757648,TYPE,src/shared/dataTypes/RoleInTenant.DataType.ts::program:RoleInTenantDataType,RoleInTenantDataType,src/shared/dataTypes/RoleInTenant.DataType.ts::program:RoleInTenantDataType
163208757649,TYPE,src/shared/dataTypes/RoleInUser.DataType.ts::program,:program,src/shared/dataTypes/RoleInUser.DataType.ts::program
163208757650,TYPE,src/shared/dataTypes/RoleInUser.DataType.ts::program:RoleInTenantDataType,RoleInTenantDataType,src/shared/dataTypes/RoleInUser.DataType.ts::program:RoleInTenantDataType
163208757651,TYPE,src/shared/dataTypes/UnknownKeysObject.ts::program,:program,src/shared/dataTypes/UnknownKeysObject.ts::program
163208757652,TYPE,src/shared/dataTypes/UnknownKeysObject.ts::program:ObjectWithObjectValues,ObjectWithObjectValues,src/shared/dataTypes/UnknownKeysObject.ts::program:ObjectWithObjectValues
163208757653,TYPE,src/shared/dataTypes/UnknownKeysObject.ts::program:UnknownKeysObject,UnknownKeysObject,src/shared/dataTypes/UnknownKeysObject.ts::program:UnknownKeysObject
163208757654,TYPE,src/shared/dataTypes/UserInTenant.DataType.ts::program,:program,src/shared/dataTypes/UserInTenant.DataType.ts::program
163208757655,TYPE,src/shared/dataTypes/UserInTenant.DataType.ts::program:UserInTenantDataType,UserInTenantDataType,src/shared/dataTypes/UserInTenant.DataType.ts::program:UserInTenantDataType
163208757656,TYPE,src/shared/infrastructure/logger/pinoLoggerOptions.ts::program,:program,src/shared/infrastructure/logger/pinoLoggerOptions.ts::program
163208757657,TYPE,src/shared/infrastructure/logger/pinoLoggerOptions.ts::program:<lambda>0,<lambda>0,src/shared/infrastructure/logger/pinoLoggerOptions.ts::program:<lambda>0
163208757658,TYPE,src/shared/infrastructure/logger/pinoLoggerOptions.ts::program:<lambda>1,<lambda>1,src/shared/infrastructure/logger/pinoLoggerOptions.ts::program:<lambda>1
163208757659,TYPE,src/shared/infrastructure/logger/pinoLoggerOptions.ts::program:<lambda>2,<lambda>2,src/shared/infrastructure/logger/pinoLoggerOptions.ts::program:<lambda>2
163208757660,TYPE,src/shared/infrastructure/mails/mailProvider.ts::program,:program,src/shared/infrastructure/mails/mailProvider.ts::program
163208757661,TYPE,src/shared/infrastructure/mails/mailProvider.ts::program:EmailProvider,EmailProvider,src/shared/infrastructure/mails/mailProvider.ts::program:EmailProvider
163208757662,TYPE,src/shared/infrastructure/mails/mailProvider.ts::program:EmailProvider:<init>,<init>,src/shared/infrastructure/mails/mailProvider.ts::program:EmailProvider:<init>
163208757663,TYPE,src/shared/infrastructure/mails/mailProvider.ts::program:EmailProvider:sendEmail,sendEmail,src/shared/infrastructure/mails/mailProvider.ts::program:EmailProvider:sendEmail
163208757664,TYPE,src/shared/infrastructure/mails/mailProvider.ts::program:EmailProvider:sendEmailWithTemplate,sendEmailWithTemplate,src/shared/infrastructure/mails/mailProvider.ts::program:EmailProvider:sendEmailWithTemplate
163208757665,TYPE,src/shared/infrastructure/mails/templates/mfaAlertTemplate.ts::program,:program,src/shared/infrastructure/mails/templates/mfaAlertTemplate.ts::program
163208757666,TYPE,src/shared/infrastructure/mails/templates/mfaAlertTemplate.ts::program:<lambda>0,<lambda>0,src/shared/infrastructure/mails/templates/mfaAlertTemplate.ts::program:<lambda>0
163208757667,TYPE,src/shared/infrastructure/mails/templates/mfaSuccessTemplate.ts::program,:program,src/shared/infrastructure/mails/templates/mfaSuccessTemplate.ts::program
163208757668,TYPE,src/shared/infrastructure/mails/templates/mfaSuccessTemplate.ts::program:<lambda>0,<lambda>0,src/shared/infrastructure/mails/templates/mfaSuccessTemplate.ts::program:<lambda>0
163208757669,TYPE,src/shared/infrastructure/mails/templates/userConfirmationTemplate.ts::program,:program,src/shared/infrastructure/mails/templates/userConfirmationTemplate.ts::program
163208757670,TYPE,src/shared/infrastructure/mails/templates/userConfirmationTemplate.ts::program:<lambda>0,<lambda>0,src/shared/infrastructure/mails/templates/userConfirmationTemplate.ts::program:<lambda>0
163208757671,TYPE,src/shared/infrastructure/persistance/postgre-sql/PostgresDataSource.ts::program,:program,src/shared/infrastructure/persistance/postgre-sql/PostgresDataSource.ts::program
163208757672,TYPE,src/shared/infrastructure/persistance/postgre-sql/PostgresDataSource.ts::program:getConfig,getConfig,src/shared/infrastructure/persistance/postgre-sql/PostgresDataSource.ts::program:getConfig
163208757673,TYPE,src/shared/infrastructure/persistance/postgre-sql/dbConfig.ts::program,:program,src/shared/infrastructure/persistance/postgre-sql/dbConfig.ts::program
163208757674,TYPE,src/shared/middleware/correlation-id/correlation-id.middleware.ts::program,:program,src/shared/middleware/correlation-id/correlation-id.middleware.ts::program
163208757675,TYPE,src/shared/middleware/correlation-id/correlation-id.middleware.ts::program:CorrelationIdMiddleware,CorrelationIdMiddleware,src/shared/middleware/correlation-id/correlation-id.middleware.ts::program:CorrelationIdMiddleware
163208757676,TYPE,src/shared/middleware/correlation-id/correlation-id.middleware.ts::program:CorrelationIdMiddleware:<init>,<init>,src/shared/middleware/correlation-id/correlation-id.middleware.ts::program:CorrelationIdMiddleware:<init>
163208757677,TYPE,src/shared/middleware/correlation-id/correlation-id.middleware.ts::program:CorrelationIdMiddleware:use,use,src/shared/middleware/correlation-id/correlation-id.middleware.ts::program:CorrelationIdMiddleware:use
163208757678,TYPE,src/shared/utils.ts::program,:program,src/shared/utils.ts::program
163208757679,TYPE,src/shared/utils.ts::program:<lambda>0,<lambda>0,src/shared/utils.ts::program:<lambda>0
163208757680,TYPE,src/shared/utils.ts::program:<lambda>1,<lambda>1,src/shared/utils.ts::program:<lambda>1
163208757681,TYPE,src/shared/utils.ts::program:<lambda>10,<lambda>10,src/shared/utils.ts::program:<lambda>10
163208757682,TYPE,src/shared/utils.ts::program:<lambda>10:<lambda>11,<lambda>11,src/shared/utils.ts::program:<lambda>10:<lambda>11
163208757683,TYPE,src/shared/utils.ts::program:<lambda>10:<lambda>12,<lambda>12,src/shared/utils.ts::program:<lambda>10:<lambda>12
163208757684,TYPE,src/shared/utils.ts::program:<lambda>13,<lambda>13,src/shared/utils.ts::program:<lambda>13
163208757685,TYPE,src/shared/utils.ts::program:<lambda>14,<lambda>14,src/shared/utils.ts::program:<lambda>14
163208757686,TYPE,src/shared/utils.ts::program:<lambda>15,<lambda>15,src/shared/utils.ts::program:<lambda>15
163208757687,TYPE,src/shared/utils.ts::program:<lambda>16,<lambda>16,src/shared/utils.ts::program:<lambda>16
163208757688,TYPE,src/shared/utils.ts::program:<lambda>17,<lambda>17,src/shared/utils.ts::program:<lambda>17
163208757689,TYPE,src/shared/utils.ts::program:<lambda>18,<lambda>18,src/shared/utils.ts::program:<lambda>18
163208757690,TYPE,src/shared/utils.ts::program:<lambda>19,<lambda>19,src/shared/utils.ts::program:<lambda>19
163208757691,TYPE,src/shared/utils.ts::program:<lambda>2,<lambda>2,src/shared/utils.ts::program:<lambda>2
163208757692,TYPE,src/shared/utils.ts::program:<lambda>20,<lambda>20,src/shared/utils.ts::program:<lambda>20
163208757693,TYPE,src/shared/utils.ts::program:<lambda>21,<lambda>21,src/shared/utils.ts::program:<lambda>21
163208757694,TYPE,src/shared/utils.ts::program:<lambda>22,<lambda>22,src/shared/utils.ts::program:<lambda>22
163208757695,TYPE,src/shared/utils.ts::program:<lambda>23,<lambda>23,src/shared/utils.ts::program:<lambda>23
163208757696,TYPE,src/shared/utils.ts::program:<lambda>23:<lambda>24,<lambda>24,src/shared/utils.ts::program:<lambda>23:<lambda>24
163208757697,TYPE,src/shared/utils.ts::program:<lambda>23:<lambda>25,<lambda>25,src/shared/utils.ts::program:<lambda>23:<lambda>25
163208757698,TYPE,src/shared/utils.ts::program:<lambda>26,<lambda>26,src/shared/utils.ts::program:<lambda>26
163208757699,TYPE,src/shared/utils.ts::program:<lambda>27,<lambda>27,src/shared/utils.ts::program:<lambda>27
163208757700,TYPE,src/shared/utils.ts::program:<lambda>28,<lambda>28,src/shared/utils.ts::program:<lambda>28
163208757701,TYPE,src/shared/utils.ts::program:<lambda>3,<lambda>3,src/shared/utils.ts::program:<lambda>3
163208757702,TYPE,src/shared/utils.ts::program:<lambda>4,<lambda>4,src/shared/utils.ts::program:<lambda>4
163208757703,TYPE,src/shared/utils.ts::program:<lambda>5,<lambda>5,src/shared/utils.ts::program:<lambda>5
163208757704,TYPE,src/shared/utils.ts::program:<lambda>5:<lambda>6,<lambda>6,src/shared/utils.ts::program:<lambda>5:<lambda>6
163208757705,TYPE,src/shared/utils.ts::program:<lambda>7,<lambda>7,src/shared/utils.ts::program:<lambda>7
163208757706,TYPE,src/shared/utils.ts::program:<lambda>8,<lambda>8,src/shared/utils.ts::program:<lambda>8
163208757707,TYPE,src/shared/utils.ts::program:<lambda>9,<lambda>9,src/shared/utils.ts::program:<lambda>9
163208757708,TYPE,this,this,this
163208757709,TYPE,true,true,true
163208757710,TYPE,undefined,undefined,undefined
163208757711,TYPE,void,void,void
